Player ID,First Name,Last Name,Team ID,Team,Roster URL,Missing Position,Missing Height,Missing Class
8431,Brya Brooklyn,Arroyo-Gillcrese,363,Adams State,https://asugrizzlies.com/sports/womens-basketball/stats/2025-26,X,X,X
14656,Brya Brooklyn,Arroyo-Gillcrese,363,Adams State,https://asugrizzlies.com/sports/womens-basketball/stats/2025-26,X,X,X
9147,Nakya,Blakley,363,Adams State,https://asugrizzlies.com/sports/womens-basketball/stats/2025-26,X,X,X
9120,Beth,Healy,364,Adelphi,https://aupanthers.com/sports/womens-basketball/stats/2025-26,X,X,X
11789,Kimberly,Carrada,366,Alaska - Anchorage,https://goseawolves.com/sports/womens-basketball/stats/2025-26,X,X,X
13910,Ashlyn,Waggoner,367,Alaska - Fairbanks,https://alaskananooks.com/sports/womens-basketball/stats/2025-26,X,X,X
13977,Aniya,Barron,368,Albany State (GA),https://asugoldenrams.com/sports/womens-basketball/stats/2025-26,X,X,X
8884,Bayyinah,Citlak,368,Albany State (GA),https://asugoldenrams.com/sports/womens-basketball/stats/2025-26,X,X,X
8948,Macy,Brackett,369,Allen,https://auyellowjackets.com/sports/womens-basketball/stats/2025-26,X,X,X
8955,Jamicia,Davis,369,Allen,https://auyellowjackets.com/sports/womens-basketball/stats/2025-26,X,,
8949,Destini,Gooddine,369,Allen,https://auyellowjackets.com/sports/womens-basketball/stats/2025-26,X,X,X
15317,LaKeeyah,Barnes,371,Anderson (SC),https://autrojans.com/sports/womens-basketball/stats/2025-26,X,X,X
8462,Chidera,Ezelio,372,Angelo State,https://angelosports.com/sports/womens-basketball/stats/2025-26,X,X,X
9141,Betti,Hamori,372,Angelo State,https://angelosports.com/sports/womens-basketball/stats/2025-26,X,X,X
15394,Betti,Hamori,372,Angelo State,https://angelosports.com/sports/womens-basketball/stats/2025-26,X,X,X
14069,Ja'Nae,Southall,374,Arkansas - Monticello,https://www.uamsports.com/sports/womens-basketball/stats/2025-26,X,X,X
14099,Ana,Vieira,374,Arkansas - Monticello,https://www.uamsports.com/sports/womens-basketball/stats/2025-26,X,X,X
14031,Dessie,McCarty,375,Arkansas Tech,https://arkansastechsports.com/sports/womens-basketball/stats/2025-26,X,X,X
14032,Marleigh,Sellers,375,Arkansas Tech,https://arkansastechsports.com/sports/womens-basketball/stats/2025-26,X,X,X
8867,Brenna,Ducatte,377,Assumption,https://assumptiongreyhounds.com/sports/womens-basketball/stats/2025-26,X,X,X
10143,Calista,Arzaga,381,Azusa Pacific,https://athletics.apu.edu/sports/womens-basketball/stats/2025-26,,X,
10140,Rome,Falcocchia,381,Azusa Pacific,https://athletics.apu.edu/sports/womens-basketball/stats/2025-26,,X,
10146,Petra,Falcocchia,381,Azusa Pacific,https://athletics.apu.edu/sports/womens-basketball/stats/2025-26,,X,
12275,Aaliyah,Garcia,381,Azusa Pacific,https://athletics.apu.edu/sports/womens-basketball/stats/2025-26,,X,
10144,Nivia,Glorioso,381,Azusa Pacific,https://athletics.apu.edu/sports/womens-basketball/stats/2025-26,,X,
10136,Lauren,Jones,381,Azusa Pacific,https://athletics.apu.edu/sports/womens-basketball/stats/2025-26,,X,
10137,Keisharna,Lucas,381,Azusa Pacific,https://athletics.apu.edu/sports/womens-basketball/stats/2025-26,,X,
10141,Elyse,Mitchell,381,Azusa Pacific,https://athletics.apu.edu/sports/womens-basketball/stats/2025-26,,X,
10142,Vanessa,Parilla,381,Azusa Pacific,https://athletics.apu.edu/sports/womens-basketball/stats/2025-26,,X,
10145,Sadie,Pierce,381,Azusa Pacific,https://athletics.apu.edu/sports/womens-basketball/stats/2025-26,,X,
10139,Rachel,Roderick,381,Azusa Pacific,https://athletics.apu.edu/sports/womens-basketball/stats/2025-26,,X,
10138,Audrey,Sayoc,381,Azusa Pacific,https://athletics.apu.edu/sports/womens-basketball/stats/2025-26,,X,
11846,Isabella,Brenzil,382,Barry,https://gobarrybucs.com/sports/womens-basketball/stats/2025-26,X,X,X
11845,Paola,Pareja,382,Barry,https://gobarrybucs.com/sports/womens-basketball/stats/2025-26,X,X,X
17827,Janina,Vergara Virgi,382,Barry,https://gobarrybucs.com/sports/womens-basketball/stats/2025-26,X,X,X
17648,Janin,Vergara Virgil,382,Barry,https://gobarrybucs.com/sports/womens-basketball/stats/2025-26,X,X,X
9790,Isabella,Martin,384,Belmont Abbey,https://abbeyathletics.com/sports/wbball/stats/2025-26,X,X,X
8960,Jordan,Tankersley,386,Benedict,https://benedicttigers.com/sports/womens-basketball/stats/2025-26,X,X,X
14608,Ahmirah,Taylor,386,Benedict,https://benedicttigers.com/sports/womens-basketball/stats/2025-26,X,X,X
17056,Lillian,Meulemans,389,Black Hills State,https://bhsuathletics.com/sports/womens-basketball/stats/2025-26,X,X,X
14520,Alexis,Ferguson,390,Bloomsburg,https://bloomsburgathletics.com/sports/womens-basketball/stats/2025-26,X,X,X
10863,Kash,Santos,390,Bloomsburg,https://bloomsburgathletics.com/sports/womens-basketball/stats/2025-26,X,X,X
15275,Akasha,Santos,390,Bloomsburg,https://bloomsburgathletics.com/sports/womens-basketball/stats/2025-26,X,X,X
14261,Gabriella,Clary,392,Bowie State,https://bsubulldogs.com/sports/womens-basketball/stats/2025-26,X,X,X
18051,-Kayla,Lewis,392,Bowie State,https://bsubulldogs.com/sports/womens-basketball/stats/2025-26,X,X,X
11057,Theresha,Miller,392,Bowie State,https://bsubulldogs.com/sports/womens-basketball/stats/2025-26,X,X,X
15108,Theresha,Miller,392,Bowie State,https://bsubulldogs.com/sports/womens-basketball/stats/2025-26,X,X,X
16997,Marta,Cutazzo,393,Bridgeport,https://www.ubknights.com/sports/wbkb/2025-26/teams/bridgeport,X,X,X
12563,Brynae,Stewart,433,CSU-Pueblo,https://gothunderwolves.com/sports/womens-basketball/stats/2025-26,X,X,X
11429,Khamiyah,Anderson,394,Cal State Dominguez Hills,https://gotoros.com/sports/womens-basketball/stats/2025-26,X,X,X
11339,Nevaeh,Asiasi,394,Cal State Dominguez Hills,https://gotoros.com/sports/womens-basketball/stats/2025-26,X,X,X
11363,Jada,Barnes,394,Cal State Dominguez Hills,https://gotoros.com/sports/womens-basketball/stats/2025-26,X,X,X
11343,Mariah,Blake,394,Cal State Dominguez Hills,https://gotoros.com/sports/womens-basketball/stats/2025-26,X,X,X
11264,Leilani,Blecha,394,Cal State Dominguez Hills,https://gotoros.com/sports/womens-basketball/stats/2025-26,X,X,X
11265,Geriah,Bradley,394,Cal State Dominguez Hills,https://gotoros.com/sports/womens-basketball/stats/2025-26,X,X,X
11266,Athena,Brombacher,394,Cal State Dominguez Hills,https://gotoros.com/sports/womens-basketball/stats/2025-26,X,X,X
11271,Monique,Cavness,394,Cal State Dominguez Hills,https://gotoros.com/sports/womens-basketball/stats/2025-26,X,X,X
11356,Sienna,Cherwinski,394,Cal State Dominguez Hills,https://gotoros.com/sports/womens-basketball/stats/2025-26,X,X,X
11263,Gianna,Darte,394,Cal State Dominguez Hills,https://gotoros.com/sports/womens-basketball/stats/2025-26,X,X,X
11428,Madison,Eade,394,Cal State Dominguez Hills,https://gotoros.com/sports/womens-basketball/stats/2025-26,X,X,X
11338,Sofia,Fidelus,394,Cal State Dominguez Hills,https://gotoros.com/sports/womens-basketball/stats/2025-26,X,X,X
11340,Amaya,Fuentes,394,Cal State Dominguez Hills,https://gotoros.com/sports/womens-basketball/stats/2025-26,X,X,X
11273,Tegan,Gaines,394,Cal State Dominguez Hills,https://gotoros.com/sports/womens-basketball/stats/2025-26,X,X,X
11267,Talia,Garner,394,Cal State Dominguez Hills,https://gotoros.com/sports/womens-basketball/stats/2025-26,X,X,X
11361,Keana,Gosney,394,Cal State Dominguez Hills,https://gotoros.com/sports/womens-basketball/stats/2025-26,X,X,X
11423,Hunter,Hudson,394,Cal State Dominguez Hills,https://gotoros.com/sports/womens-basketball/stats/2025-26,X,X,X
11342,Ronyae,Jackson,394,Cal State Dominguez Hills,https://gotoros.com/sports/womens-basketball/stats/2025-26,X,X,X
11360,Kya,Kanoho,394,Cal State Dominguez Hills,https://gotoros.com/sports/womens-basketball/stats/2025-26,X,X,X
11362,Kyori,Lloyd,394,Cal State Dominguez Hills,https://gotoros.com/sports/womens-basketball/stats/2025-26,X,X,X
11426,Kadence,Lloyd,394,Cal State Dominguez Hills,https://gotoros.com/sports/womens-basketball/stats/2025-26,X,X,X
11274,Deonna,Mayfield,394,Cal State Dominguez Hills,https://gotoros.com/sports/womens-basketball/stats/2025-26,X,X,X
11424,Brielle,Minor,394,Cal State Dominguez Hills,https://gotoros.com/sports/womens-basketball/stats/2025-26,X,X,X
11425,Mydrea,Moore,394,Cal State Dominguez Hills,https://gotoros.com/sports/womens-basketball/stats/2025-26,X,X,X
11269,Simone,Murray,394,Cal State Dominguez Hills,https://gotoros.com/sports/womens-basketball/stats/2025-26,X,X,X
11268,Samantha,Myhr,394,Cal State Dominguez Hills,https://gotoros.com/sports/womens-basketball/stats/2025-26,X,X,X
11422,Sydney,Nelson,394,Cal State Dominguez Hills,https://gotoros.com/sports/womens-basketball/stats/2025-26,X,X,X
11347,Jaden,Newman,394,Cal State Dominguez Hills,https://gotoros.com/sports/womens-basketball/stats/2025-26,X,X,X
11430,Jolleen,Olia,394,Cal State Dominguez Hills,https://gotoros.com/sports/womens-basketball/stats/2025-26,X,X,X
13372,Cristina,Oliva,394,Cal State Dominguez Hills,https://gotoros.com/sports/womens-basketball/stats/2025-26,X,X,X
14402,Fatimah,Sani,394,Cal State Dominguez Hills,https://gotoros.com/sports/womens-basketball/stats/2025-26,X,X,X
11359,Riley,Sanz,394,Cal State Dominguez Hills,https://gotoros.com/sports/womens-basketball/stats/2025-26,X,X,X
11357,Shade,Satica,394,Cal State Dominguez Hills,https://gotoros.com/sports/womens-basketball/stats/2025-26,X,X,X
11270,Malea,Scobie,394,Cal State Dominguez Hills,https://gotoros.com/sports/womens-basketball/stats/2025-26,X,X,X
11431,Keke,Scott,394,Cal State Dominguez Hills,https://gotoros.com/sports/womens-basketball/stats/2025-26,X,X,X
11341,Ariyah,Smith,394,Cal State Dominguez Hills,https://gotoros.com/sports/womens-basketball/stats/2025-26,X,X,X
11358,Jordyn,Smith,394,Cal State Dominguez Hills,https://gotoros.com/sports/womens-basketball/stats/2025-26,X,X,X
11421,Andrea,Stajic,394,Cal State Dominguez Hills,https://gotoros.com/sports/womens-basketball/stats/2025-26,X,X,X
11344,Kyara,Walter,394,Cal State Dominguez Hills,https://gotoros.com/sports/womens-basketball/stats/2025-26,X,X,X
14404,Gabrielle,White,394,Cal State Dominguez Hills,https://gotoros.com/sports/womens-basketball/stats/2025-26,X,X,X
11427,Alexis,Woodson,394,Cal State Dominguez Hills,https://gotoros.com/sports/womens-basketball/stats/2025-26,X,X,X
14375,Monroe,Anderson,395,Cal State East Bay,https://eastbaypioneers.com/sports/womens-basketball/stats/2025-26,X,,
11383,Nivea,Campbell,395,Cal State East Bay,https://eastbaypioneers.com/sports/womens-basketball/stats/2025-26,X,,
11746,Sanaa,Dennis-Burch,395,Cal State East Bay,https://eastbaypioneers.com/sports/womens-basketball/stats/2025-26,X,,
11377,Hailey,Estrada,395,Cal State East Bay,https://eastbaypioneers.com/sports/womens-basketball/stats/2025-26,X,,
11376,Meredith,Gilbertson,395,Cal State East Bay,https://eastbaypioneers.com/sports/womens-basketball/stats/2025-26,X,,
11378,Lucca,Lowenberg,395,Cal State East Bay,https://eastbaypioneers.com/sports/womens-basketball/stats/2025-26,X,,
11748,Mia,Vaasili,395,Cal State East Bay,https://eastbaypioneers.com/sports/womens-basketball/stats/2025-26,X,,
14420,Mason,Oberg,396,Cal State Los Angeles,https://lagoldeneagles.com/sports/womens-basketball/stats/2025-26,X,X,X
13618,Janelle,Pena,397,Cal State Monterey Bay,https://otterathletics.com/sports/womens-basketball/stats/2025-26,X,X,X
13757,Demi,Thompson Lopez,397,Cal State Monterey Bay,https://otterathletics.com/sports/womens-basketball/stats/2025-26,X,X,X
14481,Aaliyah,Dias,401,Cal State Stanislaus,https://warriorathletics.com/sports/womens-basketball/stats/2025-26,X,X,X
14482,Kylie,Kulina,401,Cal State Stanislaus,https://warriorathletics.com/sports/womens-basketball/stats/2025-26,X,X,X
14483,Women's Basketball,TMTeam,401,Cal State Stanislaus,https://warriorathletics.com/sports/womens-basketball/stats/2025-26,X,X,X
9215,Aminata,Diallo,404,Cameron,https://cameronaggies.com/sports/womens-basketball/stats/2025-26,X,X,X
9709,Kaira,Dixon-Booker,406,Catawba,https://catawbaathletics.com/sports/womens-basketball/stats/2025-26,X,X,X
17380,Jasmyn,Jenkins,406,Catawba,https://catawbaathletics.com/sports/womens-basketball/stats/2025-26,X,X,X
8900,Calyanna,Cage,410,Central State (OH),https://maraudersports.com/sports/womens-basketball/stats/2025-26,X,X,X
8902,Nicole,Forbes,410,Central State (OH),https://maraudersports.com/sports/womens-basketball/stats/2025-26,X,X,X
10054,Megan,Counts,412,Chadron State,https://chadroneagles.com/sports/womens-basketball/stats/2025-26,X,X,X
15441,Laia,Santanach Fita,414,Charleston (WV),https://ucgoldeneagles.com/sports/womens-basketball/stats/2025-26,X,X,X
18020,Bryce,Harvey,415,Chestnut Hill,https://griffinathletics.com/sports/womens-basketball/stats/2025-26,X,X,X
15100,Annie,Jackson,415,Chestnut Hill,https://griffinathletics.com/sports/womens-basketball/stats/2025-26,X,X,X
13724,Deonna,Mayfield,416,Chico State,https://chicowildcats.com/sports/womens-basketball/stats/2025-26,X,X,X
13148,Aniyah,Rainey,417,Chowan,https://gocuhawks.com/sports/womens-basketball/stats/2025-26,X,X,X
13149,Nyeshia,Savage,417,Chowan,https://gocuhawks.com/sports/womens-basketball/stats/2025-26,X,X,X
10463,Hanne,Alvarez Verdaguer,418,Christian Brothers,https://cbubucs.com/sports/womens-basketball/stats/2025-26,X,X,X
10468,MARIA,BRAGA,418,Christian Brothers,https://cbubucs.com/sports/womens-basketball/stats/2025-26,X,,
10465,Mya,Bourget,418,Christian Brothers,https://cbubucs.com/sports/womens-basketball/stats/2025-26,X,,
10471,Anastasija,Cernova,418,Christian Brothers,https://cbubucs.com/sports/womens-basketball/stats/2025-26,X,,
10466,Alice,Conrad,418,Christian Brothers,https://cbubucs.com/sports/womens-basketball/stats/2025-26,X,,
10467,Mariah,Curley,418,Christian Brothers,https://cbubucs.com/sports/womens-basketball/stats/2025-26,X,,
10464,Teuila,Faalogo,418,Christian Brothers,https://cbubucs.com/sports/womens-basketball/stats/2025-26,X,,
11841,Taylor,Farrar,418,Christian Brothers,https://cbubucs.com/sports/womens-basketball/stats/2025-26,X,,
11886,Donee',Frazier,418,Christian Brothers,https://cbubucs.com/sports/womens-basketball/stats/2025-26,X,X,X
10472,Darling,Harris,418,Christian Brothers,https://cbubucs.com/sports/womens-basketball/stats/2025-26,X,,
10470,Amani,Lipscomb,418,Christian Brothers,https://cbubucs.com/sports/womens-basketball/stats/2025-26,X,,
10469,Emily,Sawyer,418,Christian Brothers,https://cbubucs.com/sports/womens-basketball/stats/2025-26,X,,
11858,Antonia,Whorley,418,Christian Brothers,https://cbubucs.com/sports/womens-basketball/stats/2025-26,X,X,X
11092,Nevaeh,Washington,419,Claflin,https://athletics.claflin.edu/sports/womens-basketball/stats/2025-26,X,X,X
14902,Tasia,Agee,422,Clayton State,https://claytonstatesports.com/sports/wbball/stats/2025-26,X,X,X
15460,Tasia,Agee,422,Clayton State,https://claytonstatesports.com/sports/wbball/stats/2025-26,X,X,X
15281,Amanda,Eziukwu,422,Clayton State,https://claytonstatesports.com/sports/wbball/stats/2025-26,X,X,X
15458,Amanda,Eziukwu,422,Clayton State,https://claytonstatesports.com/sports/wbball/stats/2025-26,X,X,X
16313,Quamiya,Ward,422,Clayton State,https://claytonstatesports.com/sports/wbball/stats/2025-26,X,X,X
13999,Quamiya,Ward,422,Clayton State,https://claytonstatesports.com/sports/wbball/stats/2025-26,X,X,X
9727,McKaylee,Allen,423,Coker,https://www.cokercobras.com/sports/wbkb/2025-26/teams/coker?jsRendering=true,X,X,X
18076,Yannah,Seaberry,423,Coker,https://www.cokercobras.com/sports/wbkb/2025-26/teams/coker?jsRendering=true,X,X,X
9725,Cayanna,Stanley,423,Coker,https://www.cokercobras.com/sports/wbkb/2025-26/teams/coker?jsRendering=true,X,X,X
13202,Shawntenna,Tillman,423,Coker,https://www.cokercobras.com/sports/wbkb/2025-26/teams/coker?jsRendering=true,X,X,X
14860,Sheridan,Liggett,425,Colorado Mesa,https://cmumavericks.com/sports/womens-basketball/stats/2025-26,X,X,X
8596,Olivia,Reed,425,Colorado Mesa,https://cmumavericks.com/sports/womens-basketball/stats/2025-26,X,X,X
9778,Haelim,Adle,428,Columbus State,https://csucougars.com/sports/womens-basketball/stats/2025-26,X,X,X
15322,Kalecia,Holiday,428,Columbus State,https://csucougars.com/sports/womens-basketball/stats/2025-26,X,X,X
15472,Laura,Mitchell-Walth,428,Columbus State,https://csucougars.com/sports/womens-basketball/stats/2025-26,X,X,X
15323,L.,Mitchell-Walthall,428,Columbus State,https://csucougars.com/sports/womens-basketball/stats/2025-26,X,X,X
14702,Kaylee,Marvin,434,Daemen,https://daemenwildcats.com/sports/womens-basketball/stats/2025-26,X,X,X
12165,Amaya,Henderson,435,Davenport,https://dupanthers.com/sports/womens-basketball/stats/2025-26,X,X,X
12938,Alexa,Kolnitys,435,Davenport,https://dupanthers.com/sports/womens-basketball/stats/2025-26,X,X,X
14932,Briyanna,Sapp,436,Davis & Elkins,https://senatornation.com/sports/womens-basketball/stats/2025-26,X,X,X
9386,Brilynn,Findley,437,Delta State,https://gostatesmen.com/sports/womens-basketball/stats/2025-26,X,X,X
12362,Sofia,Addiego,439,Dominican (CA),https://dominicanathletics.com/sports/womens-basketball/stats/2025-26,X,X,X
13602,Kaylyn,Buchanon-Lamb,439,Dominican (CA),https://dominicanathletics.com/sports/womens-basketball/stats/2025-26,X,X,X
8474,Tonka,Jaksic,445,Eastern New Mexico,https://goeasternathletics.com/sports/womens-basketball/stats/2025-26,X,X,X
17525,Tonka,Jaksic,445,Eastern New Mexico,https://goeasternathletics.com/sports/womens-basketball/stats/2025-26,X,X,X
8472,Niyah,Johnson,445,Eastern New Mexico,https://goeasternathletics.com/sports/womens-basketball/stats/2025-26,X,X,X
15128,Niyah,Johnson,445,Eastern New Mexico,https://goeasternathletics.com/sports/womens-basketball/stats/2025-26,X,X,X
8469,Ashala,Moseberry,445,Eastern New Mexico,https://goeasternathletics.com/sports/womens-basketball/stats/2025-26,X,X,X
17524,Ashala,Moseberry,445,Eastern New Mexico,https://goeasternathletics.com/sports/womens-basketball/stats/2025-26,X,X,X
10491,Hekla,Nökkvadóttir,446,Eckerd,https://eckerdtritons.com/sports/womens-basketball/stats/2025-26,X,X,X
14752,Anylah,Bowe,449,Elizabeth City State,https://ecsuvikings.com/sports/womens-basketball/stats/2025-26,X,X,X
15457,Carmen,Cabello-River,451,Emmanuel (GA),https://goeulions.com/sports/womens-basketball/stats/2025-26,X,X,X
11507,Reagan,Chapman,452,Emory & Henry,https://www.gowasps.com/sports/wbkb/2025-26/teams/emoryhenry,X,X,X
11663,Julia,Clavero Seubas,453,Emporia State,https://esuhornets.com/sports/womens-basketball/stats/2025-26,X,X,X
9437,Stevie,Stinchcomb,453,Emporia State,https://esuhornets.com/sports/womens-basketball/stats/2025-26,X,X,X
15274,Emily,Starn,455,Fairmont State,https://fightingfalcons.com/sports/womens-basketball/stats/2025-26,X,X,X
11473,Navaeh,Colon,456,Fayetteville State,https://fsubroncos.com/sports/womens-basketball/stats/2025-26,X,X,X
15872,Nevah,Colon,456,Fayetteville State,https://fsubroncos.com/sports/womens-basketball/stats/2025-26,X,X,X
15871,T.,Eichelberger,456,Fayetteville State,https://fsubroncos.com/sports/womens-basketball/stats/2025-26,X,X,X
14726,K.,Barreno,457,Felician,https://felicianuathletics.com/sports/womens-basketball/stats/2025-26,X,X,X
14723,S.,Formby,457,Felician,https://felicianuathletics.com/sports/womens-basketball/stats/2025-26,X,X,X
14729,D.,Jackson,457,Felician,https://felicianuathletics.com/sports/womens-basketball/stats/2025-26,X,X,X
9112,Natalia,Lucic,457,Felician,https://felicianuathletics.com/sports/womens-basketball/stats/2025-26,X,X,X
14730,S.,Martinez,457,Felician,https://felicianuathletics.com/sports/womens-basketball/stats/2025-26,X,X,X
14725,M.,Palek,457,Felician,https://felicianuathletics.com/sports/womens-basketball/stats/2025-26,X,X,X
14728,K.,Ritchie,457,Felician,https://felicianuathletics.com/sports/womens-basketball/stats/2025-26,X,X,X
14727,L.,Szilvassy,457,Felician,https://felicianuathletics.com/sports/womens-basketball/stats/2025-26,X,X,X
14724,A.,Valle,457,Felician,https://felicianuathletics.com/sports/womens-basketball/stats/2025-26,X,X,X
9111,Madison,Washington,457,Felician,https://felicianuathletics.com/sports/womens-basketball/stats/2025-26,X,X,X
9736,Bre,Jones,461,Flagler,https://flaglerathletics.com/sports/womens-basketball/stats/2025-26,X,X,X
10635,Bre'Asia,Washington,462,Florida Southern,https://fscmocs.com/sports/womens-basketball/stats/2025-26,X,X,X
10594,Elif Dila,Bayrak,463,Florida Tech,https://floridatechsports.com/sports/womens-basketball/stats/2025-26,X,X,X
15321,Elif,Dila Bayrak,463,Florida Tech,https://floridatechsports.com/sports/womens-basketball/stats/2025-26,X,X,X
12548,Kate,Gallery,465,Fort Lewis,https://goskyhawks.com/sports/womens-basketball/stats/2025-26,X,X,X
8559,Antia,Gonzalez Docampo,465,Fort Lewis,https://goskyhawks.com/sports/womens-basketball/stats/2025-26,X,X,X
8552,Claudia,Palacio Gamez,465,Fort Lewis,https://goskyhawks.com/sports/womens-basketball/stats/2025-26,X,X,X
9156,Malia,Ulery,465,Fort Lewis,https://goskyhawks.com/sports/womens-basketball/stats/2025-26,X,X,X
15413,Samarian,Franklin,466,Fort Valley State,https://fvsusports.com/sports/womens-basketball/stats/2025-26,X,X,X
9041,Jewell,Harwell,466,Fort Valley State,https://fvsusports.com/sports/womens-basketball/stats/2025-26,X,X,X
15414,Madison,Lee,466,Fort Valley State,https://fvsusports.com/sports/womens-basketball/stats/2025-26,X,X,X
15411,Mya,Millner,466,Fort Valley State,https://fvsusports.com/sports/womens-basketball/stats/2025-26,X,X,X
15416,Laila,Minter,466,Fort Valley State,https://fvsusports.com/sports/womens-basketball/stats/2025-26,X,X,X
15412,Shannon,Niles,466,Fort Valley State,https://fvsusports.com/sports/womens-basketball/stats/2025-26,X,X,X
15418,Gabrielle,Pass,466,Fort Valley State,https://fvsusports.com/sports/womens-basketball/stats/2025-26,X,X,X
15417,Jaylen,Pleasant,466,Fort Valley State,https://fvsusports.com/sports/womens-basketball/stats/2025-26,X,X,X
15415,Jayln,Shelby,466,Fort Valley State,https://fvsusports.com/sports/womens-basketball/stats/2025-26,X,X,X
12405,Janaya,Prince-Baquer,468,Franklin Pierce,https://fpuravens.com/sports/womens-basketball/stats/2025-26,X,X,X
11453,Chelsea,Lavezzo,474,Georgian Court,https://gculions.com/sports/womens-basketball/stats/2025-26,X,X,X
15490,Martina,Howe,475,Glenville State,https://gstatepioneers.com/sports/womens-basketball/stats/2025-26,X,X,X
15029,Silvia,Moretti,476,Goldey Beacom,https://www.gbcathletics.com/sports/womens-basketball/stats/2025-26,X,X,X
15034,Reese,Gayton,477,Grand Valley State,https://gvsulakers.com/sports/womens-basketball/stats/2025-26,X,X,X
13924,Evie,Roach,479,Hawaii Hilo,https://hiloathletics.com/sports/womens-basketball/stats/2025-26,X,X,X
12377,Tiana,Holland,480,Hawaii Pacific,https://hpusharks.com/sports/womens-basketball/stats/2025-26,X,,
12369,KalysaMarie,Ng,480,Hawaii Pacific,https://hpusharks.com/sports/womens-basketball/stats/2025-26,X,X,X
17627,Leamsi,Acuna,484,Humboldt State,https://humboldtathletics.com/sports/womens-basketball/stats/2025-26,,,X
17626,Jada,Barnes,484,Humboldt State,https://humboldtathletics.com/sports/womens-basketball/stats/2025-26,,,X
17630,Sienna,Cherwinski,484,Humboldt State,https://humboldtathletics.com/sports/womens-basketball/stats/2025-26,,,X
17634,Keana,Gosney,484,Humboldt State,https://humboldtathletics.com/sports/womens-basketball/stats/2025-26,,,X
17637,Jaden,Hill-Massarotti,484,Humboldt State,https://humboldtathletics.com/sports/womens-basketball/stats/2025-26,,,X
17635,Kya,Kanoho,484,Humboldt State,https://humboldtathletics.com/sports/womens-basketball/stats/2025-26,,,X
17636,Kyori,Lloyd,484,Humboldt State,https://humboldtathletics.com/sports/womens-basketball/stats/2025-26,,,X
17629,Riley,Sanz,484,Humboldt State,https://humboldtathletics.com/sports/womens-basketball/stats/2025-26,,,X
17632,Shade,Satica,484,Humboldt State,https://humboldtathletics.com/sports/womens-basketball/stats/2025-26,,,X
17631,Jordyn,Smith,484,Humboldt State,https://humboldtathletics.com/sports/womens-basketball/stats/2025-26,,,X
17633,Kyra,Stewart,484,Humboldt State,https://humboldtathletics.com/sports/womens-basketball/stats/2025-26,,,X
15848,T,McLaren,485,Illinois Springfield,https://uisprairiestars.com/sports/womens-basketball/stats/2025-26,X,X,X
15158,Bella,Bosch,486,Indiana (PA),https://iupathletics.com/sports/womens-basketball/stats/2025-26,X,X,X
15159,Kamiya,Dambreville,486,Indiana (PA),https://iupathletics.com/sports/womens-basketball/stats/2025-26,X,X,X
15161,Raigan,McCalla,486,Indiana (PA),https://iupathletics.com/sports/womens-basketball/stats/2025-26,X,X,X
10904,Isabella,Vent,486,Indiana (PA),https://iupathletics.com/sports/womens-basketball/stats/2025-26,X,X,X
10903,Noami,Zulueta,486,Indiana (PA),https://iupathletics.com/sports/womens-basketball/stats/2025-26,X,X,X
15575,Willow,Thiel,488,Jamestown,https://jimmiepride.com/sports/womens-basketball/stats/2025-26,X,X,X
8940,Egypt,Coleman,489,Johnson C. Smith,https://goldenbullsports.com/sports/womens-basketball/stats/2025-26,X,X,X
13957,Jazmin,Chambers,490,Kentucky State,https://ksuthorobreds.com/sports/womens-basketball/stats/2025-26,X,X,X
13956,Shiyah,Forte,490,Kentucky State,https://ksuthorobreds.com/sports/womens-basketball/stats/2025-26,X,X,X
17982,-Iratxe,Amorrortu Sai,491,Kentucky Wesleyan,https://kwcpanthers.com/sports/womens-basketball/stats/2025-26,X,X,X
17651,Irat,Amorrortu Sainz,491,Kentucky Wesleyan,https://kwcpanthers.com/sports/womens-basketball/stats/2025-26,X,X,X
15677,Raven,Addison,492,King,https://www.kingtornado.com/sports/womens-basketball/stats/2025-26,X,X,X
15676,Le'Aije,Ellington,492,King,https://www.kingtornado.com/sports/womens-basketball/stats/2025-26,X,X,X
9595,Gracie,Lyon,494,Lake Erie,https://lakeeriestorm.com/sports/womens-basketball/stats/2025-26,X,X,X
17838,Kennedy,Johnson-Corl,496,Lander,https://landerbearcats.com/sports/wbball/stats/2025-26,X,X,X
14898,Kennedy,Johnson-Corley,496,Lander,https://landerbearcats.com/sports/wbball/stats/2025-26,X,X,X
8981,Kylah,Bell,497,Lane,https://golcdragons.com/sports/womens-basketball/stats/2025-26,X,X,X
8983,Queen,Benjamin,497,Lane,https://golcdragons.com/sports/womens-basketball/stats/2025-26,X,X,X
8973,Dyani,Bernstine,497,Lane,https://golcdragons.com/sports/womens-basketball/stats/2025-26,X,X,X
8975,Europe,Brown,497,Lane,https://golcdragons.com/sports/womens-basketball/stats/2025-26,X,X,X
8982,Jahniya,Brown,497,Lane,https://golcdragons.com/sports/womens-basketball/stats/2025-26,X,X,X
8977,Ceriah,Evans,497,Lane,https://golcdragons.com/sports/womens-basketball/stats/2025-26,X,X,X
14627,Ja'Nya,Foster,497,Lane,https://golcdragons.com/sports/womens-basketball/stats/2025-26,X,X,X
14252,Erin,Isabell,497,Lane,https://golcdragons.com/sports/womens-basketball/stats/2025-26,X,X,X
8976,Lauren,Lain,497,Lane,https://golcdragons.com/sports/womens-basketball/stats/2025-26,X,X,X
13971,Maureen,Okoli,497,Lane,https://golcdragons.com/sports/womens-basketball/stats/2025-26,X,X,X
8978,Kameria,Piggee,497,Lane,https://golcdragons.com/sports/womens-basketball/stats/2025-26,X,X,X
8974,Alexis,Rowe,497,Lane,https://golcdragons.com/sports/womens-basketball/stats/2025-26,X,X,X
8979,Madison,Thomas,497,Lane,https://golcdragons.com/sports/womens-basketball/stats/2025-26,X,X,X
8984,Kamil,Washum,497,Lane,https://golcdragons.com/sports/womens-basketball/stats/2025-26,X,X,X
8980,Jeurnei,Wright,497,Lane,https://golcdragons.com/sports/womens-basketball/stats/2025-26,X,X,X
8971,S.,Bobo,500,LeMoyne-Owen,https://athletics.loc.edu/sports/womens-basketball/stats/2025-26,X,X,X
16020,Shunqeisha,Bobo,500,LeMoyne-Owen,https://athletics.loc.edu/sports/womens-basketball/stats/2025-26,X,X,X
14626,Jemihya,Carter,500,LeMoyne-Owen,https://athletics.loc.edu/sports/womens-basketball/stats/2025-26,X,X,X
15419,Shamar,Hamlett,500,LeMoyne-Owen,https://athletics.loc.edu/sports/womens-basketball/stats/2025-26,X,X,X
15772,Shamari,Hamlett,500,LeMoyne-Owen,https://athletics.loc.edu/sports/womens-basketball/stats/2025-26,X,X,X
15155,Omari,Mitchell,500,LeMoyne-Owen,https://athletics.loc.edu/sports/womens-basketball/stats/2025-26,X,X,X
8892,Mashani,Saddler,500,LeMoyne-Owen,https://athletics.loc.edu/sports/womens-basketball/stats/2025-26,X,X,X
10709,Camryn,Lee,499,Lees-McRae,https://lmcbobcats.com/sports/womens-basketball/stats/2025-26,X,X,X
12069,Samantha,Campanelli,502,Lewis,https://lewisflyers.com/sports/womens-basketball/stats/2025-26,X,X,X
15032,Leah,Palmer,502,Lewis,https://lewisflyers.com/sports/womens-basketball/stats/2025-26,X,X,X
12072,Layla,Willams,502,Lewis,https://lewisflyers.com/sports/womens-basketball/stats/2025-26,X,X,X
15809,Anjelle,Kerr,503,Lincoln (MO),https://lubluetigers.com/sports/womens-basketball/stats/2025-26,X,X,X
10886,Sanna,Moore,504,Lincoln (PA),https://lulions.com/sports/womens-basketball/stats/2025-26,X,X,X
13223,Jazzmen,Robinson,505,Lincoln Memorial,https://lmurailsplitters.com/sports/womens-basketball/stats/2025-26,X,X,X
14298,Minyhah,Easterling,511,Mansfield,https://gomounties.com/sports/womens-basketball/stats/2025-26,X,X,X
11059,Olivia,Meisner,511,Mansfield,https://gomounties.com/sports/womens-basketball/stats/2025-26,X,X,X
11060,Alyssa,Parks,511,Mansfield,https://gomounties.com/sports/womens-basketball/stats/2025-26,X,X,X
11551,Peyton,Caldwell,512,Mars Hill,https://www.marshilllions.com/sports/wbkb/2025-26/teams/marshill?jsRendering=true,X,X,X
17854,Madison,Mickens,512,Mars Hill,https://www.marshilllions.com/sports/wbkb/2025-26/teams/marshill?jsRendering=true,X,X,X
11545,Jadyiah,Peoples,512,Mars Hill,https://www.marshilllions.com/sports/wbkb/2025-26/teams/marshill?jsRendering=true,X,X,X
11544,Landyn,Stewart,512,Mars Hill,https://www.marshilllions.com/sports/wbkb/2025-26/teams/marshill?jsRendering=true,X,X,X
15928,Jacie,Persing,515,McKendree,https://mckbearcats.com/sports/womens-basketball/stats/2025-26,X,X,X
8730,Amani,Abuhatab,517,Mercy,https://detroittitans.com/sports/womens-basketball/stats/2025-26,X,X,X
12701,Angelina,Barrera,517,Mercy,https://detroittitans.com/sports/womens-basketball/stats/2025-26,X,X,X
8734,Molly,Boek,517,Mercy,https://detroittitans.com/sports/womens-basketball/stats/2025-26,X,X,X
8736,Haylee,Ellwood,517,Mercy,https://detroittitans.com/sports/womens-basketball/stats/2025-26,X,X,X
8735,Paige,Fourtin,517,Mercy,https://detroittitans.com/sports/womens-basketball/stats/2025-26,X,X,X
8737,Layla,Greene,517,Mercy,https://detroittitans.com/sports/womens-basketball/stats/2025-26,X,X,X
8731,Sophia,Hoyt,517,Mercy,https://detroittitans.com/sports/womens-basketball/stats/2025-26,X,X,X
8733,Caitlin,Leary,517,Mercy,https://detroittitans.com/sports/womens-basketball/stats/2025-26,X,X,X
8726,Grace,Lesko,517,Mercy,https://detroittitans.com/sports/womens-basketball/stats/2025-26,X,X,X
8728,Megan,Marcotte,517,Mercy,https://detroittitans.com/sports/womens-basketball/stats/2025-26,X,X,X
8729,Gabrielle,Martin,517,Mercy,https://detroittitans.com/sports/womens-basketball/stats/2025-26,X,X,X
8732,Morgan,Miller,517,Mercy,https://detroittitans.com/sports/womens-basketball/stats/2025-26,X,X,X
8727,Kyla,Nembach,517,Mercy,https://detroittitans.com/sports/womens-basketball/stats/2025-26,X,X,X
8738,Allie,Regan,517,Mercy,https://detroittitans.com/sports/womens-basketball/stats/2025-26,X,X,X
8739,Ella,Wilson,517,Mercy,https://detroittitans.com/sports/womens-basketball/stats/2025-26,X,X,X
12187,Isabella,Hanna,519,Michigan Tech,https://michigantechhuskies.com/sports/womens-basketball/stats/2025-26,X,X,X
17250,Mackenzie,Amos,521,Midwestern State,https://msumustangs.com/sports/womens-basketball/stats/2025-26,X,X,X
14591,Briann,Warehime,521,Midwestern State,https://msumustangs.com/sports/womens-basketball/stats/2025-26,X,X,X
15994,Briann,Warehime,521,Midwestern State,https://msumustangs.com/sports/womens-basketball/stats/2025-26,X,X,X
13979,Zephaniah,Parks,522,Miles,https://milesgoldenbears.com/sports/womens-basketball/stats/2025-26,X,X,X
9003,Jayln,Shelby,522,Miles,https://milesgoldenbears.com/sports/womens-basketball/stats/2025-26,X,X,X
10998,Carley,Berk,523,Millersville,https://millersvilleathletics.com/sports/womens-basketball/stats/2025-26,X,X,X
11005,Rachel,Boehm,523,Millersville,https://millersvilleathletics.com/sports/womens-basketball/stats/2025-26,X,X,X
11067,Gabrielle,Bowes,523,Millersville,https://millersvilleathletics.com/sports/womens-basketball/stats/2025-26,X,X,X
11003,Gabby,Bowes,523,Millersville,https://millersvilleathletics.com/sports/womens-basketball/stats/2025-26,X,X,X
11030,Kacie,Boyer,523,Millersville,https://millersvilleathletics.com/sports/womens-basketball/stats/2025-26,X,X,X
11000,Kelly,Cleaver,523,Millersville,https://millersvilleathletics.com/sports/womens-basketball/stats/2025-26,X,X,X
10999,Jillian,Crawford,523,Millersville,https://millersvilleathletics.com/sports/womens-basketball/stats/2025-26,X,X,X
11066,Aniya,Eberhart,523,Millersville,https://millersvilleathletics.com/sports/womens-basketball/stats/2025-26,X,X,X
11004,Holly,Gohl,523,Millersville,https://millersvilleathletics.com/sports/womens-basketball/stats/2025-26,X,X,X
11001,Morgan,Mahoney,523,Millersville,https://millersvilleathletics.com/sports/womens-basketball/stats/2025-26,X,X,X
11064,Rhyan,Mitchell,523,Millersville,https://millersvilleathletics.com/sports/womens-basketball/stats/2025-26,X,X,X
11029,Cass,Moore,523,Millersville,https://millersvilleathletics.com/sports/womens-basketball/stats/2025-26,X,X,X
11065,Madison-Marie,Nimmo,523,Millersville,https://millersvilleathletics.com/sports/womens-basketball/stats/2025-26,X,X,X
14822,Maddie,Nimmo,523,Millersville,https://millersvilleathletics.com/sports/womens-basketball/stats/2025-26,X,X,X
10997,Daniella,Ranieli,523,Millersville,https://millersvilleathletics.com/sports/womens-basketball/stats/2025-26,X,X,X
11068,Cydney,Stanton,523,Millersville,https://millersvilleathletics.com/sports/womens-basketball/stats/2025-26,X,X,X
11031,Claire,Watson,523,Millersville,https://millersvilleathletics.com/sports/womens-basketball/stats/2025-26,X,X,X
11002,Bryn,Zentner,523,Millersville,https://millersvilleathletics.com/sports/womens-basketball/stats/2025-26,X,X,X
17723,Taylor,Dirkes,524,Minnesota Crookston,https://goldeneaglesports.com/sports/womens-basketball/stats/2025-26,X,,
17722,Hope,Dudycha,524,Minnesota Crookston,https://goldeneaglesports.com/sports/womens-basketball/stats/2025-26,X,,
17724,Tayden,Hanks,524,Minnesota Crookston,https://goldeneaglesports.com/sports/womens-basketball/stats/2025-26,X,,
17732,Riley,Jenkins,524,Minnesota Crookston,https://goldeneaglesports.com/sports/womens-basketball/stats/2025-26,X,,
17729,Rayna,Klejeski,524,Minnesota Crookston,https://goldeneaglesports.com/sports/womens-basketball/stats/2025-26,X,,
17730,Brynlea,Mahlen,524,Minnesota Crookston,https://goldeneaglesports.com/sports/womens-basketball/stats/2025-26,X,,
17727,Natalie,Mikrot,524,Minnesota Crookston,https://goldeneaglesports.com/sports/womens-basketball/stats/2025-26,X,,
17721,Emma,Miller,524,Minnesota Crookston,https://goldeneaglesports.com/sports/womens-basketball/stats/2025-26,X,,
17725,Emma,Pierson,524,Minnesota Crookston,https://goldeneaglesports.com/sports/womens-basketball/stats/2025-26,X,,
17728,Anna,Westby,524,Minnesota Crookston,https://goldeneaglesports.com/sports/womens-basketball/stats/2025-26,X,,
17726,Halle,Winjum,524,Minnesota Crookston,https://goldeneaglesports.com/sports/womens-basketball/stats/2025-26,X,,
14236,Reagan,Krueger,525,Minnesota Duluth,https://umdbulldogs.com/sports/womens-basketball/stats/2025-26,X,X,X
10074,Emily,Srejma,527,Minot State,https://msubeavers.com/sports/womens-basketball/stats/2025-26,X,X,X
16359,Kaemyn,Bekemeier,529,Missouri S&T,https://minerathletics.com/sports/womens-basketball/stats/2025-26,X,X,X
16367,Kendal,Brueggen,529,Missouri S&T,https://minerathletics.com/sports/womens-basketball/stats/2025-26,X,X,X
16362,JaNyla,Bush,529,Missouri S&T,https://minerathletics.com/sports/womens-basketball/stats/2025-26,X,X,X
12026,Savannah,Campbell,529,Missouri S&T,https://minerathletics.com/sports/womens-basketball/stats/2025-26,X,X,X
16366,Zoe,Canfield,529,Missouri S&T,https://minerathletics.com/sports/womens-basketball/stats/2025-26,X,X,X
16365,Victoria,Dixon,529,Missouri S&T,https://minerathletics.com/sports/womens-basketball/stats/2025-26,X,X,X
16357,Lainie,Douglas,529,Missouri S&T,https://minerathletics.com/sports/womens-basketball/stats/2025-26,X,X,X
16363,Audrey,Hopkins,529,Missouri S&T,https://minerathletics.com/sports/womens-basketball/stats/2025-26,X,X,X
16360,Maycee,James,529,Missouri S&T,https://minerathletics.com/sports/womens-basketball/stats/2025-26,X,X,X
16356,Faith,Lee,529,Missouri S&T,https://minerathletics.com/sports/womens-basketball/stats/2025-26,X,X,X
16369,Blake,O'Grady,529,Missouri S&T,https://minerathletics.com/sports/womens-basketball/stats/2025-26,X,X,X
16358,Cady,Pauley,529,Missouri S&T,https://minerathletics.com/sports/womens-basketball/stats/2025-26,X,X,X
16364,Tyra,Robinson,529,Missouri S&T,https://minerathletics.com/sports/womens-basketball/stats/2025-26,X,X,X
16368,Angel,Scott,529,Missouri S&T,https://minerathletics.com/sports/womens-basketball/stats/2025-26,X,X,X
16361,Maiesha,Washington,529,Missouri S&T,https://minerathletics.com/sports/womens-basketball/stats/2025-26,X,X,X
12394,K.,Paulino Rosario,533,Molloy,https://molloylions.com/sports/womens-basketball/stats/2025-26,X,X,X
8548,Essynce,Contreaz,539,New Mexico Highlands,https://nmhuathletics.com/sports/womens-basketball/stats/2025-26,X,X,X
17526,Essynce,Contreaz,539,New Mexico Highlands,https://nmhuathletics.com/sports/womens-basketball/stats/2025-26,X,X,X
12576,Mistidawn,Roybal,539,New Mexico Highlands,https://nmhuathletics.com/sports/womens-basketball/stats/2025-26,X,X,X
8648,Caitlin,Turnbow,539,New Mexico Highlands,https://nmhuathletics.com/sports/womens-basketball/stats/2025-26,X,X,X
12570,Amaris,Valadez,539,New Mexico Highlands,https://nmhuathletics.com/sports/womens-basketball/stats/2025-26,X,X,X
18001,-Daria,Cleat,540,Newberry,https://newberrywolves.com/sports/womens-basketball/stats/2025-26,X,X,X
11567,Shemaiyah,Earle,540,Newberry,https://newberrywolves.com/sports/womens-basketball/stats/2025-26,X,X,X
13257,Deshona,Gaither,540,Newberry,https://newberrywolves.com/sports/womens-basketball/stats/2025-26,X,X,X
16323,Audrey,Gorman,540,Newberry,https://newberrywolves.com/sports/womens-basketball/stats/2025-26,X,X,X
11566,Ayonna,Lewis,540,Newberry,https://newberrywolves.com/sports/womens-basketball/stats/2025-26,X,X,X
15130,Mackenzie,Burkhart,541,Newman,https://newmanjets.com/sports/womens-basketball/stats/2025-26,X,X,X
14071,Caitlynn,Clark,541,Newman,https://newmanjets.com/sports/womens-basketball/stats/2025-26,X,X,X
16312,Lauren,Bell,542,North Carolina Pembroke,https://uncpbraves.com/sports/womens-basketball/stats/2025-26,X,X,X
14038,Kayley,Alt,545,Northeastern State,https://goriverhawksgo.com/sports/womens-basketball/stats/2025-26,X,,
11691,Makala,Bingley,545,Northeastern State,https://goriverhawksgo.com/sports/womens-basketball/stats/2025-26,X,,
14036,Raylee,Gaston,545,Northeastern State,https://goriverhawksgo.com/sports/womens-basketball/stats/2025-26,X,,
14039,Alexis,Schell,545,Northeastern State,https://goriverhawksgo.com/sports/womens-basketball/stats/2025-26,X,,
11688,McKenzie,Smith,545,Northeastern State,https://goriverhawksgo.com/sports/womens-basketball/stats/2025-26,X,,
16354,Addisyn,Whiteley,545,Northeastern State,https://goriverhawksgo.com/sports/womens-basketball/stats/2025-26,X,,
16489,Jamie,Molina,550,Northwestern Oklahoma State,https://riderangersride.com/sports/womens-basketball/stats/2025-26,X,X,X
16503,Mattie,Rich,550,Northwestern Oklahoma State,https://riderangersride.com/sports/womens-basketball/stats/2025-26,X,X,X
10504,Katelynn,Hagy,552,Nova Southeastern,https://nsusharks.com/sports/womens-basketball/stats/2025-26,X,X,X
15365,Bree,Williams,552,Nova Southeastern,https://nsusharks.com/sports/womens-basketball/stats/2025-26,X,X,X
9359,Payten,Conde,554,Oklahoma Baptist,https://obubison.com/sports/womens-basketball/stats/2025-26,X,X,X
9349,Catyn,Graham,554,Oklahoma Baptist,https://obubison.com/sports/womens-basketball/stats/2025-26,X,X,X
17798,Allie,Rehl,554,Oklahoma Baptist,https://obubison.com/sports/womens-basketball/stats/2025-26,X,X,X
16594,A'Keira,Blue,558,Paine,https://paineathletics.com/sports/womens-basketball/stats/2025-26,X,,
16591,Leia,Brown,558,Paine,https://paineathletics.com/sports/womens-basketball/stats/2025-26,X,,
16590,Adia,Dormu,558,Paine,https://paineathletics.com/sports/womens-basketball/stats/2025-26,X,,
16597,Sierre,Georges,558,Paine,https://paineathletics.com/sports/womens-basketball/stats/2025-26,X,,
16599,Kindal,Glanton,558,Paine,https://paineathletics.com/sports/womens-basketball/stats/2025-26,X,X,X
16595,Tekiarah,Jones,558,Paine,https://paineathletics.com/sports/womens-basketball/stats/2025-26,X,,
16593,Jayla,Lockhart,558,Paine,https://paineathletics.com/sports/womens-basketball/stats/2025-26,X,,
16598,Kyra,McCrary,558,Paine,https://paineathletics.com/sports/womens-basketball/stats/2025-26,X,,
16596,Daiyah,Ruger,558,Paine,https://paineathletics.com/sports/womens-basketball/stats/2025-26,X,,
16589,Nina,Solomon,558,Paine,https://paineathletics.com/sports/womens-basketball/stats/2025-26,X,,
16592,Ayva,Tillmon,558,Paine,https://paineathletics.com/sports/womens-basketball/stats/2025-26,X,,
16600,Tailin,Ward,558,Paine,https://paineathletics.com/sports/womens-basketball/stats/2025-26,X,X,X
10513,Khalia,Whoodley,559,Palm Beach Atlantic,https://pbasailfish.com/sports/womens-basketball/stats/2025-26,X,X,X
17828,Khalia,Whoodley,559,Palm Beach Atlantic,https://pbasailfish.com/sports/womens-basketball/stats/2025-26,X,X,X
15040,Fatim,Sarr Ndow,564,Point Park,https://pointparksports.com/sports/womens-basketball/stats/2025-26,X,X,X
16698,Kaylin,Zaal,564,Point Park,https://pointparksports.com/sports/womens-basketball/stats/2025-26,X,X,X
12150,Zoe,Spellman,568,Purdue Northwest,https://pnwathletics.com/sports/womens-basketball/stats/2025-26,X,X,X
16706,Sydney,Pleat,569,Queens (NY),https://queensknights.com/sports/womens-basketball/stats/2025-26,X,X,X
8741,Daja,White,569,Queens (NY),https://queensknights.com/sports/womens-basketball/stats/2025-26,X,X,X
12073,Madeline,Casey,570,Quincy,https://quhawks.com/sports/womens-basketball/stats/2025-26,X,X,X
14811,Zhara,Adeyemi,572,Roberts Wesleyan,https://robertsredhawks.com/sports/womens-basketball/stats/2025-26,X,X,X
17647,Barbora,Fronkova,572,Roberts Wesleyan,https://robertsredhawks.com/sports/womens-basketball/stats/2025-26,X,X,X
14814,Cristina,Gonzalez,572,Roberts Wesleyan,https://robertsredhawks.com/sports/womens-basketball/stats/2025-26,X,X,X
11708,Cheyan,McDaniel,574,Rogers State,https://rsuhillcats.com/sports/womens-basketball/stats/2025-26,X,X,X
16442,Taniya,Tease,574,Rogers State,https://rsuhillcats.com/sports/womens-basketball/stats/2025-26,X,X,X
17825,Elaina,Kline-Ruminsk,575,Rollins,https://rollinssports.com/sports/wbball/stats/2025-26,X,X,X
15978,Kencia,Levasseur,576,Roosevelt,https://rooseveltlakers.com/sports/womens-basketball/stats/2025-26,X,X,X
14861,Sabrina,Lopez,578,Saint Martin's,https://smusaints.com/sports/womens-basketball/stats/2025-26,X,X,X
14955,Ida,Bengstsson,579,Salem (WV),https://salemtigers.com/sports/womens-basketball/stats/2025-26,X,X,X
16833,Asia,Jackson,580,San Francisco State,https://sfstategators.com/sports/womens-basketball/stats/2025-26,X,X,X
16832,Anyce,Jefferson,580,San Francisco State,https://sfstategators.com/sports/womens-basketball/stats/2025-26,X,X,X
16834,Karli,Muagututia,580,San Francisco State,https://sfstategators.com/sports/womens-basketball/stats/2025-26,X,X,X
8915,Sanai,Chisolm,581,Savannah State,https://ssuathletics.com/sports/womens-basketball/stats/2025-26,X,X,X
9044,Saniyah,Rice,581,Savannah State,https://ssuathletics.com/sports/womens-basketball/stats/2025-26,X,X,X
14610,Kira,Williams,581,Savannah State,https://ssuathletics.com/sports/womens-basketball/stats/2025-26,X,X,X
16847,Natalie,Durbin,582,Seattle Pacific,https://spufalcons.com/sports/womens-basketball/stats/2025-26,X,X,X
10916,Mo,Vincent,583,Seton Hill,https://athletics.setonhill.edu/sports/womens-basketball/stats/2025-26,X,X,X
11063,Allie,Mumau,586,Shippensburg,https://shipraiders.com/sports/womens-basketball/stats/2025-26,X,X,X
8480,Gwendilyn,Aasland,588,Simon Fraser,https://athletics.sfu.ca/sports/womens-basketball/stats/2025-26,X,X,X
9980,Danielle,Minsaas,589,Sioux Falls,https://usfcougars.com/sports/womens-basketball/stats/2025-26,X,X,X
14534,Kayley,Joseph-Bernar,590,Slippery Rock,https://rockathletics.com/sports/womens-basketball/stats/2025-26,X,X,X
16996,Mya,Jiminez,595,South New Hampshire,https://snhupenmen.com/sports/womens-basketball/stats/2025-26,X,X,X
15139,Elaina,Makris,596,South Wesleyan,https://swuathletics.com/sports/womens-basketball/stats/2025-26,X,X,X
15320,Princess,McCauley,596,South Wesleyan,https://swuathletics.com/sports/womens-basketball/stats/2025-26,X,X,X
17016,Connie,Hughes,597,Southeast Oklahoma,https://gosoutheastern.com/sports/womens-basketball/stats/2025-26,X,X,X
11861,Yagmur,Canguven,598,Southern Arkansas,https://muleriderathletics.com/sports/womens-basketball/stats/2025-26,X,X,X
15842,Carlota,Aliaga Alonso,600,Southwest Baptist,https://www.sbubearcats.com/sports/womens-basketball/stats/2025-26,,X,
12077,Carolina,Crawford,600,Southwest Baptist,https://www.sbubearcats.com/sports/womens-basketball/stats/2025-26,,X,
11984,Natalia,Crooke,600,Southwest Baptist,https://www.sbubearcats.com/sports/womens-basketball/stats/2025-26,,X,
11991,Claudia,Diez Sancho,600,Southwest Baptist,https://www.sbubearcats.com/sports/womens-basketball/stats/2025-26,,X,
11987,Clara,Enrich Tasias,600,Southwest Baptist,https://www.sbubearcats.com/sports/womens-basketball/stats/2025-26,,X,
11989,Nahia,Esnaola,600,Southwest Baptist,https://www.sbubearcats.com/sports/womens-basketball/stats/2025-26,X,X,X
17032,Nahia,Esnaola Agaen,600,Southwest Baptist,https://www.sbubearcats.com/sports/womens-basketball/stats/2025-26,,X,
11988,Tinu,Fakunle,600,Southwest Baptist,https://www.sbubearcats.com/sports/womens-basketball/stats/2025-26,,X,
11985,Kamiyah,Hurd,600,Southwest Baptist,https://www.sbubearcats.com/sports/womens-basketball/stats/2025-26,,X,
11986,Ida,Lusadisu N'Gonda,600,Southwest Baptist,https://www.sbubearcats.com/sports/womens-basketball/stats/2025-26,,X,
11990,Gwen,O'Connell,600,Southwest Baptist,https://www.sbubearcats.com/sports/womens-basketball/stats/2025-26,,X,
12076,Eviyon,Richardson,600,Southwest Baptist,https://www.sbubearcats.com/sports/womens-basketball/stats/2025-26,,X,
12078,Reagan,Wells,600,Southwest Baptist,https://www.sbubearcats.com/sports/womens-basketball/stats/2025-26,,X,
15216,Alice,Woodward,600,Southwest Baptist,https://www.sbubearcats.com/sports/womens-basketball/stats/2025-26,,X,
11992,Zaakyaa,Young,600,Southwest Baptist,https://www.sbubearcats.com/sports/womens-basketball/stats/2025-26,,X,
17048,Maebry,Shields,602,Southwest Oklahoma,https://swosuathletics.com/sports/womens-basketball/stats/2025-26,X,X,X
17047,Kiara,Smith,602,Southwest Oklahoma,https://swosuathletics.com/sports/womens-basketball/stats/2025-26,X,X,X
14835,Addie,McCormick,605,St Edward's,https://gohilltoppers.com/sports/womens-basketball/stats/2025-26,X,,
9991,CJ,Adamson,609,St. Cloud State,https://scsuhuskies.com/sports/womens-basketball/stats/2025-26,X,X,X
9989,Reagan,Briggs,609,St. Cloud State,https://scsuhuskies.com/sports/womens-basketball/stats/2025-26,X,X,X
9984,Jada,Eggebrecht,609,St. Cloud State,https://scsuhuskies.com/sports/womens-basketball/stats/2025-26,X,X,X
10131,Elise,Groppoli,609,St. Cloud State,https://scsuhuskies.com/sports/womens-basketball/stats/2025-26,X,X,X
9985,Rachel,Kottke,609,St. Cloud State,https://scsuhuskies.com/sports/womens-basketball/stats/2025-26,X,X,X
9992,Kristi,Kottke,609,St. Cloud State,https://scsuhuskies.com/sports/womens-basketball/stats/2025-26,X,X,X
9987,Paige,Lambe,609,St. Cloud State,https://scsuhuskies.com/sports/womens-basketball/stats/2025-26,X,X,X
10132,Laynie,Meister,609,St. Cloud State,https://scsuhuskies.com/sports/womens-basketball/stats/2025-26,X,X,X
9988,Abigail,O'Reilly,609,St. Cloud State,https://scsuhuskies.com/sports/womens-basketball/stats/2025-26,X,X,X
9990,Brynn,Olson,609,St. Cloud State,https://scsuhuskies.com/sports/womens-basketball/stats/2025-26,X,X,X
10129,Annika,Peper,609,St. Cloud State,https://scsuhuskies.com/sports/womens-basketball/stats/2025-26,X,X,X
10130,Ashley,Sawicki,609,St. Cloud State,https://scsuhuskies.com/sports/womens-basketball/stats/2025-26,X,X,X
10128,Halle,Vande Hey,609,St. Cloud State,https://scsuhuskies.com/sports/womens-basketball/stats/2025-26,X,X,X
9986,Alana,Zarneke,609,St. Cloud State,https://scsuhuskies.com/sports/womens-basketball/stats/2025-26,X,X,X
8783,Nylah,Davis,611,Staten Island,https://csidolphins.com/sports/womens-basketball/stats/2025-26,X,X,X
18019,Jasanii,Francis,611,Staten Island,https://csidolphins.com/sports/womens-basketball/stats/2025-26,X,X,X
8782,Jasanii,Francis-Torres,611,Staten Island,https://csidolphins.com/sports/womens-basketball/stats/2025-26,X,X,X
17246,Breanna,Morrison,612,Sul Ross,https://srlobos.com/sports/womens-basketball/stats/2025-26,X,X,X
10569,Helena,Eccel Kuck,613,Tampa,https://www.tampaspartans.com/sports/wbkb/2025-26/teams/tampa,X,X,X
13782,Jaylin,Hartman,613,Tampa,https://www.tampaspartans.com/sports/wbkb/2025-26/teams/tampa,X,X,X
9186,Ariana,Bustamante,614,Texas A&M Intl,https://godustdevils.com/sports/womens-basketball/stats/2025-26,X,X,X
9187,Gabby,Gamboa,614,Texas A&M Intl,https://godustdevils.com/sports/womens-basketball/stats/2025-26,X,X,X
9248,Ava,Mitchell,615,Texas A&M Kingsville,https://javelinaathletics.com/sports/womens-basketball/stats/2025-26,X,X,X
14865,Renata,Parga,615,Texas A&M Kingsville,https://javelinaathletics.com/sports/womens-basketball/stats/2025-26,X,X,X
9244,Addisyn,Parker,615,Texas A&M Kingsville,https://javelinaathletics.com/sports/womens-basketball/stats/2025-26,X,X,X
9247,Jadeyn,Perez,615,Texas A&M Kingsville,https://javelinaathletics.com/sports/womens-basketball/stats/2025-26,X,X,X
14864,Evelyn,Quiroz,615,Texas A&M Kingsville,https://javelinaathletics.com/sports/womens-basketball/stats/2025-26,X,X,X
12953,Monique,Emelifeonwu,620,Trevecca Nazarene,https://tnutrojans.com/sports/womens-basketball/stats/2025-26,X,X,X
12950,Lili,Wilken,620,Trevecca Nazarene,https://tnutrojans.com/sports/womens-basketball/stats/2025-26,X,X,X
17679,Storm,Wilson,620,Trevecca Nazarene,https://tnutrojans.com/sports/womens-basketball/stats/2025-26,X,X,X
11497,Artasia,Cole,622,Tusculum,https://www.tusculumpioneers.com/sports/wbkb/2025-26/teams/tusculum,X,X,X
13976,Donyeil,Bolton,623,Tuskegee,https://goldentigersports.com/sports/womens-basketball/stats/2025-26,X,X,X
13974,Jayden,Bullard,623,Tuskegee,https://goldentigersports.com/sports/womens-basketball/stats/2025-26,X,X,X
17319,Alyssa,Green-White,623,Tuskegee,https://goldentigersports.com/sports/womens-basketball/stats/2025-26,X,X,X
13973,Breana,Griffin,623,Tuskegee,https://goldentigersports.com/sports/womens-basketball/stats/2025-26,X,X,X
13744,Sydney,Boyd,624,UC Merced,https://ucmercedbobcats.com/sports/womens-basketball/stats/2025-26,X,X,X
13870,Campbell,Mathews,624,UC Merced,https://ucmercedbobcats.com/sports/womens-basketball/stats/2025-26,X,X,X
11525,Abigail,Jordan,630,UVA-Wise,https://uvawisecavs.com/sports/womens-basketball/stats/2025-26,X,X,X
9528,Katie,Yoder,625,Union (TN),https://uuathletics.com/sports/womens-basketball/stats/2025-26,X,X,X
14798,Mekayla,Furman,633,Virginia State,https://govsutrojans.com/sports/womens-basketball/stats/2025-26,X,X,X
15557,Caityln,Rodriguez,633,Virginia State,https://govsutrojans.com/sports/womens-basketball/stats/2025-26,X,X,X
14750,Tanahia,Hairston,634,Virginia Union,https://vuusports.com/sports/womens-basketball/roster,X,X,X
12846,Kenedee,Matthews,634,Virginia Union,https://vuusports.com/sports/womens-basketball/roster,X,X,X
11148,De'aisjah,Somerville,634,Virginia Union,https://vuusports.com/sports/womens-basketball/roster,X,X,X
17745,DeMaya,Asberry,638,Wayne State (NE),https://wscwildcats.com/sports/womens-basketball/stats/2025-26,X,X,X
17748,Annabel,Ayrault,638,Wayne State (NE),https://wscwildcats.com/sports/womens-basketball/stats/2025-26,X,X,X
17747,Lexi,Boyke,638,Wayne State (NE),https://wscwildcats.com/sports/womens-basketball/stats/2025-26,X,X,X
17743,McKenna,Ferguson,638,Wayne State (NE),https://wscwildcats.com/sports/womens-basketball/stats/2025-26,X,X,X
17742,Karrington,Gordon,638,Wayne State (NE),https://wscwildcats.com/sports/womens-basketball/stats/2025-26,X,X,X
17746,Emily,Homan,638,Wayne State (NE),https://wscwildcats.com/sports/womens-basketball/stats/2025-26,X,X,X
17739,Gabi,Lutchka,638,Wayne State (NE),https://wscwildcats.com/sports/womens-basketball/stats/2025-26,X,X,X
17749,Mackenzie,Miller,638,Wayne State (NE),https://wscwildcats.com/sports/womens-basketball/stats/2025-26,X,X,X
17763,AJ,Rickli,638,Wayne State (NE),https://wscwildcats.com/sports/womens-basketball/stats/2025-26,X,X,X
17744,Koko,Sylvester,638,Wayne State (NE),https://wscwildcats.com/sports/womens-basketball/stats/2025-26,X,X,X
17740,Taylor,Thompson,638,Wayne State (NE),https://wscwildcats.com/sports/womens-basketball/stats/2025-26,X,X,X
17741,Jaci,Tubergen,638,Wayne State (NE),https://wscwildcats.com/sports/womens-basketball/stats/2025-26,X,X,X
14164,Emma,Toombs,639,West Alabama,https://uwaathletics.com/sports/womens-basketball/stats/2025-26,X,X,X
17417,Emma,Toombs,639,West Alabama,https://uwaathletics.com/sports/womens-basketball/stats/2025-26,X,X,X
15570,Kyla,Glasser-Hyman,640,West Chester,https://wcupagoldenrams.com/sports/womens-basketball/stats/2025-26,X,X,X
15134,Madilyn,Rendall,641,West Florida,https://goargos.com/sports/womens-basketball/stats/2025-26,X,X,X
11597,Ella,Schepp,641,West Florida,https://goargos.com/sports/womens-basketball/stats/2025-26,X,X,X
14949,Ana-Isabel,Andersson Rodriguez,642,West Liberty,https://hilltoppersports.com/sports/womens-basketball/stats/2025-26,X,X,X
14326,Philleah,Bright,644,West Virginia State,https://wvsuyellowjackets.com/sports/womens-basketball/stats/2025-26,X,X,X
15440,Mikayla,Smith,644,West Virginia State,https://wvsuyellowjackets.com/sports/womens-basketball/stats/2025-26,X,X,X
10837,Rebekha,Rupert,645,West Virginia Wesleyan,https://wesleyanbobcats.com/sports/womens-basketball/stats/2025-26,X,X,X
17459,Alexandra,Gonzales,646,Western New Mexico,https://wnmumustangs.com/sports/womens-basketball/stats/2025-26,X,,
15022,Alexandra,Gonzales,646,Western New Mexico,https://wnmumustangs.com/sports/womens-basketball/stats/2025-26,X,,
14572,Natalie,Magallnes,646,Western New Mexico,https://wnmumustangs.com/sports/womens-basketball/stats/2025-26,X,X,X
15021,Cadence,Turnbow,646,Western New Mexico,https://wnmumustangs.com/sports/womens-basketball/stats/2025-26,X,X,X
15020,Yvanna,Villarreal,646,Western New Mexico,https://wnmumustangs.com/sports/womens-basketball/stats/2025-26,X,X,X
13395,Mason,Oberg,649,Western Washington,https://wwuvikings.com/sports/womens-basketball/stats/2025-26,X,X,X
8533,Jadyn,Watts,649,Western Washington,https://wwuvikings.com/sports/womens-basketball/stats/2025-26,X,X,X
12623,Savanna,Staff,650,Westminster (UT),https://westminstergriffins.com/sports/womens-basketball/stats/2025-26,X,X,X
12380,Madi,Borgan,651,Westmont,https://athletics.westmont.edu/sports/womens-basketball/stats/2025-26,X,X,X
14510,Liv,Bolduc,652,Wheeling,https://wucardinals.com/sports/womens-basketball/stats/2025-26,X,X,X
15062,Avery,Davis,652,Wheeling,https://wucardinals.com/sports/womens-basketball/stats/2025-26,X,,
14505,Graci,Fairman,652,Wheeling,https://wucardinals.com/sports/womens-basketball/stats/2025-26,X,,
14508,Layla,Merriweather,652,Wheeling,https://wucardinals.com/sports/womens-basketball/stats/2025-26,X,,
14945,Ashley,Shroades,652,Wheeling,https://wucardinals.com/sports/womens-basketball/stats/2025-26,X,,
14506,Emilia,Sierra Lacost,652,Wheeling,https://wucardinals.com/sports/womens-basketball/stats/2025-26,X,X,X
14942,Emilia,Sierra Lacosta,652,Wheeling,https://wucardinals.com/sports/womens-basketball/stats/2025-26,X,,
17650,Emili,Sierra Lacosta,652,Wheeling,https://wucardinals.com/sports/womens-basketball/stats/2025-26,X,X,X
14944,Aluel,Tong,652,Wheeling,https://wucardinals.com/sports/womens-basketball/stats/2025-26,X,,
17547,Giselle,Dogan,653,William Jessup,https://jessupathletics.com/sports/womens-basketball/stats/2025-26,X,X,X
17548,Amari,Guiton,653,William Jessup,https://jessupathletics.com/sports/womens-basketball/stats/2025-26,X,X,X
12417,Trinity,Fortune-Medi,655,Wilmington (DE),https://wildcats.athletics.wilmu.edu/sports/wbkb/2025-26/teams/wilmingtondel,X,X,X
15028,Trintiy,Fortune-Medine,655,Wilmington (DE),https://wildcats.athletics.wilmu.edu/sports/wbkb/2025-26/teams/wilmingtondel,X,X,X
10644,Amari,Baldwin,658,Winston Salem State,https://wssurams.com/sports/womens-basketball/stats/2025-26,X,X,X
10642,Alana,Biosse,658,Winston Salem State,https://wssurams.com/sports/womens-basketball/stats/2025-26,X,,
10641,Maia,Charles,658,Winston Salem State,https://wssurams.com/sports/womens-basketball/stats/2025-26,X,,
17587,Zion,Duncan,658,Winston Salem State,https://wssurams.com/sports/womens-basketball/stats/2025-26,X,,
10639,Nevaeh,Farmer,658,Winston Salem State,https://wssurams.com/sports/womens-basketball/stats/2025-26,X,,
17584,Amari,Kilgore-Baldwin,658,Winston Salem State,https://wssurams.com/sports/womens-basketball/stats/2025-26,X,,
10643,Jakaiya,Mack,658,Winston Salem State,https://wssurams.com/sports/womens-basketball/stats/2025-26,X,,
10649,Jahmaria,Miles,658,Winston Salem State,https://wssurams.com/sports/womens-basketball/stats/2025-26,X,,
10645,Ah'Kiya,Pye,658,Winston Salem State,https://wssurams.com/sports/womens-basketball/stats/2025-26,X,X,X
17583,Ah'Kiyah,Pye,658,Winston Salem State,https://wssurams.com/sports/womens-basketball/stats/2025-26,X,,
10646,Breonna,Roaf,658,Winston Salem State,https://wssurams.com/sports/womens-basketball/stats/2025-26,X,,
17588,TaNiya,Simms,658,Winston Salem State,https://wssurams.com/sports/womens-basketball/stats/2025-26,X,,
10647,Taylor,Simpson,658,Winston Salem State,https://wssurams.com/sports/womens-basketball/stats/2025-26,X,,
10640,Makayla,Waleed,658,Winston Salem State,https://wssurams.com/sports/womens-basketball/stats/2025-26,X,,
17582,Kierran,Walker,658,Winston Salem State,https://wssurams.com/sports/womens-basketball/stats/2025-26,X,,
17586,Chloe,Williams,658,Winston Salem State,https://wssurams.com/sports/womens-basketball/stats/2025-26,X,,
17764,Nakiyah,-Hurst,659,Wisconsin Parkside,https://parksiderangers.com/sports/womens-basketball/stats/2025-26,X,X,X
17000,Laia,Hernandez,660,Young Harris,https://yhcathletics.com/sports/womens-basketball/stats/2025-26,X,X,X
