School,Nickname,Abrev,Conference,Location,Home Venue
Abilene Christian,Wildcats,ACU,WAC,"Abilene, TX",Moody Coliseum (Abilene)
Air Force,Falcons,AF,MWC,"Colorado Springs, CO",Clune Arena
Akron,Zips,AKR,MAC,"Akron, OH",James A. Rhodes Arena
Alabama,Crimson Tide,UA,SEC,"Tuscaloosa, AL",Coleman Coliseum
Alabama A&M,Bulldogs,AAMU,SWAC,"Huntsville, AL",Event Center
Alabama State,Hornets,ALAST,SWAC,"Montgomery, AL",Dunn-Oliver Acadome
Albany,Great Danes,ALBNY,AmEast,"Albany, NY",Broadview Center
Alcorn State,Braves,ALCST,SWAC,"Lorman, MS",Davey L. Whitney Complex
American University,Eagles,AMERU,Patriot,"Washington, DC",Bender Arena
Appalachian State,Mountaineers,APPST,Sun Belt,"Boone, NC",George M. Holmes Convocation Center
Arizona,Wildcats,ARZ,Big 12,"Tucson, AZ",McKale Center
Arizona State,Sun Devils,ASU,Big 12,"Tempe, AZ",Desert Financial Arena
Arkansas,Razorbacks,ARK,SEC,"Fayetteville, AR",Bud Walton Arena
Arkansas State,Red Wolves,ARKST,Sun Belt,"Jonesboro, AR",First National Bank Arena
Arkansas-Pine Bluff,Golden Lions,UAPB,SWAC,"Pine Bluff, AR",H.O. Clemmons Arena
Army West Point,Black Knights,USMA,Patriot,"West Point, NY",Christl Arena
Auburn,Tigers,AUB,SEC,"Auburn, AL",Neville Arena
Austin Peay,Governors,APSU,A-Sun,"Clarksville, TN",F&M Bank Arena
Ball State,Cardinals,BLLST,MAC,"Muncie, IN",John E. Worthen Arena
Baylor,Bears,BAYL,Big 12,"Waco, TX",Foster Pavilion
Bellarmine,Knights,BELL,A-Sun,"Louisville, KY",Knights Hall
Belmont,Bruins,BLMNT,MVC,"Nashville, TN",Curb Event Center Arena
Bethune-Cookman,Wildcats,BTHCK,SWAC,"Daytona Beach, FL",Moore Gymnasium (FL)
Binghamton,Bearcats,BNGH,AmEast,"Binghamton, NY",Events Center (Binghamton)
Boise State,Broncos,BOISE,MWC,"Boise, ID",ExtraMile Arena
Boston College,Eagles,BOS,ACC,"Chestnut Hill, MA",Silvio O. Conte Forum
Boston University,Terriers,BSTN,Patriot,"Boston, MA",Case Gym
Bowling Green,Falcons,BGSU,MAC,"Bowling Green, OH",Stroh Center
Bradley,Braves,BRDLY,MVC,"Peoria, IL",Carver Arena
Brigham Young,Cougars,BYU,Big 12,"Provo, UT",Marriott Center
Brown,Bears,BRWN,Ivy,"Providence, RI",Pizzitola Sports Center
Bryant,Bulldogs,BRYNT,AmEast,"Smithfield, RI",Chace Athletic Center
Bucknell,Bison,BUCK,Patriot,"Lewisburg, PA",Sojka Pavilion
Buffalo,Bulls,BUFF,MAC,"Buffalo, NY",Alumni Arena
Butler,Bulldogs,BTLR,Big East,"Indianapolis, IN",Hinkle Fieldhouse
Cal Poly,Mustangs,POLY,Big West,"San Luis Obispo, CA",Robert A. Mott Athletics Center
Cal State Bakersfield,Roadrunners,CSUB,Big West,"Bakersfield, CA",Icardo Center
Cal State Fullerton,Titans,CSFUL,Big West,"Fullerton, CA",Titan Gym
Cal State Northridge,Matadors,CSUN,Big West,"Northridge, CA",Premier America Credit Union Arena
California,Golden Bears,Cal,ACC,"Berkeley, CA",Haas Pavilion
California Baptist,Lancers,CALBU,WAC,"Riverside, CA",Dale E. and Sarah Ann Fowler Events Center
Campbell,Fighting Camels,CAM,CAA,"Buies Creek, NC",John W. Pope Jr. Convocation Center
Canisius,Golden Griffins,CAN,MAAC,"Buffalo, NY",Koessler Athletic Center
Central Arkansas,Bears,UCA,A-Sun,"Conway, AR",Farris Center
Central Connecticut State,Blue Devils,CCSU,NEC,"New Britain, CT",William H. Detrick Gymnasium
Central Michigan,Chippewas,CMU,MAC,"Mount Pleasant, MI",McGuirk Arena
Charleston,Cougars,C of C,CAA,"Charleston, SC",TD Arena
Charleston Southern,Buccaneers,CHASO,Big South,"Charleston, SC",Buccaneer Fieldhouse
Charlotte,49ers,CHAR,American,"Charlotte, NC",Dale F. Halton Arena
Chattanooga,Mocs,CHATT,SoCon,"Chattanooga, TN",McKenzie Arena
Chicago State,Cougars,CHIST,NEC,"Chicago, IL",Emil and Patricia Jones Convocation Center
Cincinnati,Bearcats,CINCY,Big 12,"Cincinnati, OH",Fifth Third Arena
Clemson,Tigers,CLEM,ACC,"Clemson, SC",Littlejohn Coliseum
Cleveland State,Vikings,CLEST,Horizon,"Cleveland, OH",Wolstein Center
Coastal Carolina,Chanticleers,CCU,Sun Belt,"Conway, SC",The HTC Center
Colgate,Raiders,COLGT,Patriot,"Hamilton, NY",Cotterell Court
Colorado,Buffaloes,COLO,Big 12,"Boulder, CO",CU Events Center
Colorado State,Rams,COLST,MWC,"Fort Collins, CO",Moby Arena
Columbia,Lions,COM,Ivy,"New York, NY",Francis S. Levien Gymnasium
Coppin State,Eagles,COPST,MEAC,"Baltimore, MD",Physical Education Complex
Cornell,Big Red,COR,Ivy,"Ithaca, NY",Newman Arena
Creighton,Bluejays,CREI,Big East,"Omaha, NE",CHI Health Center Omaha
Dartmouth,Big Green,DART,Ivy,"Hanover, NH",Edward Leede Arena
Davidson,Wildcats,DAV,A-10,"Davidson, NC",John M. Belk Arena
Dayton,Flyers,DAY,A-10,"Dayton, OH",UD Arena
Delaware,Fightin Blue Hens,DEL,C-USA,"Newark, DE",Bob Carpenter Center
Delaware State,Hornets,DESU,MEAC,"Dover, DE",Memorial Hall (DE)
Denver,Pioneers,DEN,Summit,"Denver, CO",Hamilton Gymnasium
DePaul,Blue Demons,DEP,Big East,"Chicago, IL",Wintrust Arena
Detroit-Mercy,Titans,UDM,Horizon,"Detroit, MI",Calihan Hall
Drake,Bulldogs,DRAKE,MVC,"Des Moines, IA",The Knapp Center
Drexel,Dragons,DREX,CAA,"Philadelphia, PA",Daskalakis Athletic Center
Duke,Blue Devils,DUKE,ACC,"Durham, NC",Cameron Indoor Stadium
Duquesne,Dukes,DUQ,A-10,"Pittsburgh, PA",UPMC Cooper Fieldhouse
East Carolina,Pirates,ECAR,American,"Greenville, NC",Williams Arena at Minges Coliseum
East Tennessee State,Buccaneers,ETSU,SoCon,"Johnson City, TN",Freedom Hall Civic Center
East Texas A&M,Lions,TAMUC,Southland,"Commerce, TX",The Field House
Eastern Illinois,Panthers,EIU,OVC,"Charleston, IL",Groniger Arena at Lantz Complex
Eastern Kentucky,Colonels,EKU,A-Sun,"Richmond, KY",Baptist Health Arena
Eastern Michigan,Eagles,EMICH,MAC,"Ypsilanti, MI",George Gervin GameAbove Center
Eastern Washington,Eagles,EWASH,Big Sky,"Cheney, WA",Reese Court
Elon,Phoenix,ELON,CAA,"Elon, NC",Schar Center
Evansville,Purple Aces,UE,MVC,"Evansville, IN",Ford Center
Fairfield,Stags,FAIR,MAAC,"Fairfield, CT",Leo D. Mahoney Arena
Fairleigh Dickinson,Knights,FDU,NEC,"Hackensack, NJ",Bogota Savings Bank Center
Florida,Gators,FLA,SEC,"Gainesville, FL",Exactech Arena at the Stephen C. O'Connell Center
Florida A&M,Rattlers,FAMU,SWAC,"Tallahassee, FL",Al Lawson Center
Florida Atlantic,Owls,FAU,American,"Boca Raton, FL",Eleanor R. Baldwin Arena
Florida Gulf Coast,Eagles,FGCU,A-Sun,"Fort Myers, FL",Alico Arena
Florida International,Golden Panthers,FIU,C-USA,"Miami, FL",Ocean Bank Convocation Center
Florida State,Seminoles,FLAST,ACC,"Tallahassee, FL",Donald L. Tucker Center
Fordham,Rams,FORD,A-10,"Bronx, NY",Rose Hill Gymnasium
Fort Wayne,Mastodons,IPFW,Horizon,"Fort Wayne, IN",Allen County War Memorial Coliseum
Fresno State,Bulldogs,FRSNO,MWC,"Fresno, CA",Save Mart Center
Furman,Paladins,FRMN,SoCon,"Greenville, SC",Bon Secours Wellness Arena
Gardner-Webb,Runnin' Bulldogs,GWU,Big South,"Boiling Springs, NC",Paul Porter Arena
George Mason,Patriots,GMU,A-10,"Fairfax, VA",EagleBank Arena
George Washington,Revolutionaries,GW,A-10,"Washington, DC",Charles E. Smith Center
Georgetown,Hoyas,GTOWN,Big East,"Washington, DC",Capital One Arena
Georgia,Bulldogs,UGA,SEC,"Athens, GA",Stegeman Coliseum
Georgia Southern,Eagles,GASO,Sun Belt,"Statesboro, GA",Jack and Ruth Ann Hill Convocation Center
Georgia State,Panthers,GAST,Sun Belt,"Atlanta, GA",GSU Convocation Center
Georgia Tech,Yellow Jackets,GT,ACC,"Atlanta, GA",McCamish Pavilion
Gonzaga,Bulldogs,ZAGS,WCC,"Spokane, WA",McCarthey Athletic Center
Grambling State,Tigers,GRAMB,SWAC,"Grambling, LA",Fredrick C. Hobdy Assembly Center
Grand Canyon,Antelopes,GCU,MWC,"Phoenix, AZ",GCU Arena
Green Bay,Phoenix,UWGB,Horizon,"Ashwaubenon, WI",Resch Center
Hampton,Pirates,HMPTN,CAA,"Hampton, VA",Convocation Center (VA)
Harvard,Crimson,HAR,Ivy,"Cambridge, MA",Lavietes Pavilion
Hawaii,Rainbow Warriors,HAW,Big West,"Honolulu, HI",Stan Sheriff Center
High Point,Panthers,HP,Big South,"High Point, NC",Nido and Mariana Qubein Arena
Hofstra,Pride,HOF,CAA,"Hempstead, NY",David S. Mack Sports and Exhibition Complex
Holy Cross,Crusaders,HC,Patriot,"Worcester, MA",Hart Center
Houston,Cougars,U of H,Big 12,"Houston, TX",Fertitta Center
Houston Christian,Huskies,HCU,Southland,"Houston, TX",Sharp Gymnasium
Howard,Bison,HWRD,MEAC,"Washington, DC",Burr Gymnasium
Idaho,Vandals,IDAHO,Big Sky,"Moscow, ID",ICCU Arena
Idaho State,Bengals,IDHST,Big Sky,"Pocatello, ID",Reed Gym
Illinois,Fighting Illini,ILL,Big Ten,"Champaign, IL",State Farm Center
Illinois State,Redbirds,ILLST,MVC,"Normal, IL",CEFCU Arena
Illinois-Chicago,Flames,UIC,MVC,"Chicago, IL",Credit Union 1 Arena
Incarnate Word,Cardinals,UIW,Southland,"San Antonio, TX",McDermott Center
Indiana,Hoosiers,IU,Big Ten,"Bloomington, IN",Simon Skjodt Assembly Hall
Indiana State,Sycamores,INDST,MVC,"Terre Haute, IN",Hulman Center
Iona,Gaels,IONA,MAAC,"New Rochelle, NY",Hynes Athletics Center
Iowa,Hawkeyes,IOWA,Big Ten,"Iowa City, IA",Carver-Hawkeye Arena
Iowa State,Cyclones,IWAST,Big 12,"Ames, IA",James H. Hilton Coliseum
IU Indy,Jaguars,IUI,Horizon,"Indianapolis, IN",The Jungle at IUPUI Gymnasium
Jackson State,Tigers,JKSN,SWAC,"Jackson, MS",Lee E. Williams Athletic and Assembly Center
Jacksonville,Dolphins,JAC,A-Sun,"Jacksonville, FL",Swisher Gymnasium
Jacksonville State,Gamecocks,JKSNV,C-USA,"Jacksonville, AL",Pete Mathews Coliseum
James Madison,Dukes,JMU,Sun Belt,"Harrisonburg, VA",Atlantic Union Bank Center
Kansas,Jayhawks,KU,Big 12,"Lawrence, KS",Phog Allen Fieldhouse
Kansas State,Wildcats,KSU,Big 12,"Manhattan, KS",Bramlage Coliseum
Kennesaw State,Owls,KENN,C-USA,"Kennesaw, GA",VyStar Arena
Kent State,Golden Flashes,KENT,MAC,"Kent, OH",M.A.C. Center
Kentucky,Wildcats,UK,SEC,"Lexington, KY",Rupp Arena
La Salle,Explorers,LASAL,A-10,"Philadelphia, PA",John Glaser Arena
Lafayette,Leopards,LAFAY,Patriot,"Easton, PA",Kirby Sports Center
Lamar,Cardinals,LAMAR,Southland,"Beaumont, TX",Montagne Center
Le Moyne,Dolphins,MOYNE,NEC,"Syracuse, NY",Ted Grant Court
Lehigh,Mountain Hawks,LEHI,Patriot,"Bethlehem, PA",Stabler Arena
Liberty,Flames,LBRTY,C-USA,"Lynchburg, VA",Liberty Arena (VA)
Lindenwood,Lions,LIND,OVC,"Saint Charles, MO",Hyland Arena
Lipscomb,Bisons,LIP,A-Sun,"Nashville, TN",Allen Arena
Little Rock,Trojans,UALR,OVC,"Little Rock, AR",Jack Stephens Center
Long Beach State,Beach,LBSU,Big West,"Long Beach, CA",Walter Pyramid
Long Island,Sharks,LIU,NEC,"Brooklyn, NY",Steinberg Wellness Center
Longwood,Lancers,LONG,Big South,"Farmville, VA",Joan Perry Brock Center
Louisiana,Ragin' Cajuns,LA,Sun Belt,"Lafayette, LA",Cajundome
Louisiana Tech,Bulldogs,LATCH,C-USA,"Ruston, LA",Thomas Assembly Center
Louisiana-Monroe,Warhawks,ULM,Sun Belt,"Monroe, LA",Fant-Ewing Coliseum
Louisville,Cardinals,LVILL,ACC,"Louisville, KY",KFC Yum! Center
Loyola (IL),Ramblers,L-IL,A-10,"Chicago, IL",Joseph J. Gentile Arena
Loyola (MD),Greyhounds,L-MD,Patriot,"Baltimore, MD",Reitz Arena
Loyola Marymount,Lions,LOYMR,WCC,"Los Angeles, CA",Gersten Pavilion
LSU,Tigers,LSU,SEC,"Baton Rouge, LA",Pete Maravich Assembly Center
Maine,Black Bears,MAINE,AmEast,"Bangor, ME",Cross Insurance Center
Manhattan,Jaspers,MAN,MAAC,"Riverdale, NY",Draddy Gymnasium
Marist,Red Foxes,MRST,MAAC,"Poughkeepsie, NY",McCann Arena
Marquette,Golden Eagles,MARQ,Big East,"Milwaukee, WI",Fiserv Forum
Marshall,Thundering Herd,MARSH,Sun Belt,"Huntington, WV",Cam Henderson Center
Maryland,Terrapins,UMD,Big Ten,"College Park, MD",XFINITY Center
Maryland-Eastern Shore,Hawks,UMES,MEAC,"Princess Anne, MD",Hytche Athletic Center
Massachusetts,Minutemen,UMass,MAC,"Amherst, MA",Mullins Center
McNeese State,Cowboys,MCNST,Southland,"Lake Charles, LA",Townsley Law Arena
Memphis,Tigers,MEMP,American,"Memphis, TN",FedExForum
Mercer,Bears,MER,SoCon,"Macon, GA",Hawkins Arena
Mercyhurst,Lakers,MC,NEC,"Erie, PA",Mercyhurst Athletic Center
Merrimack College,Warriors,MERRI,MAAC,"North Andover, MA",Bert Hammel Court
Miami (FL),Hurricanes,UMFL,ACC,"Coral Gables, FL",Watsco Center
Miami (OH),RedHawks,MIAMI,MAC,"Oxford, OH",Millett Hall
Michigan,Wolverines,MICH,Big Ten,"Ann Arbor, MI",Crisler Center
Michigan State,Spartans,MCHST,Big Ten,"East Lansing, MI",Breslin Center
Middle Tennessee State,Blue Raiders,MTSU,C-USA,"Murfreesboro, TN",Murphy Center
Milwaukee,Panthers,UWM,Horizon,"Milwaukee, WI",UW-Milwaukee Panther Arena
Minnesota,Golden Gophers,MINN,Big Ten,"Minneapolis, MN",Williams Arena
Mississippi State,Bulldogs,MISST,SEC,"Starkville, MS",Humphrey Coliseum
Mississippi Valley State,Delta Devils,MVSU,SWAC,"Itta Bena, MS",Robert W. Harrison HPER Complex
Missouri,Tigers,MZZOU,SEC,"Columbia, MO",Mizzou Arena
Missouri State,Bears,MZZST,C-USA,"Springfield, MO",Great Southern Bank Arena
Monmouth,Hawks,MONM,CAA,"West Long Branch, NJ",OceanFirst Bank Center
Montana,Grizzlies,MONT,Big Sky,"Missoula, MT",Dahlberg Arena
Montana State,Fighting Bobcats,MTSTU,Big Sky,"Bozeman, MT",Worthington Arena
Morehead State,Eagles,MRHD,OVC,"Morehead, KY",Ellis T. Johnson Arena
Morgan State,Bears,MORST,MEAC,"Baltimore, MD",Talmadge L. Hill Field House
Mount St. Mary's,Mountaineers,MSMU,MAAC,"Emmitsburg, MD",Knott Arena
Murray State,Racers,MRRY,MVC,"Murray, KY",CFSB Center
N.J.I.T.,Highlanders,NJIT,AmEast,"Newark, NJ",Joel & Diane Bloom Wellness and Events Center
Navy,Midshipmen,USNA,Patriot,"Annapolis, MD",Alumni Hall (Navy)
NC State,Wolfpack,NCST,ACC,"Raleigh, NC",Lenovo Center
Nebraska,Cornhuskers,UNL,Big Ten,"Lincoln, NE",Pinnacle Bank Arena
Nevada,Wolf Pack,UNR,MWC,"Reno, NV",Lawlor Events Center
New Hampshire,Wildcats,NEWHA,AmEast,"Durham, NH",Lundholm Gymnasium
New Haven,Chargers,UNH,NEC,"West Haven, CT",Jeffery P. Hazell Athletics Center
New Mexico,Lobos,UNM,MWC,"Albuquerque, NM",The Pit
New Mexico State,Aggies,NMSU,C-USA,"Las Cruces, NM",Pan American Center
New Orleans,Privateers,NEWOR,Southland,"New Orleans, LA",Lakefront Arena
Niagara,Purple Eagles,NIAG,MAAC,"Niagara Falls, NY",Gallagher Center
Nicholls State,Colonels,NICH,Southland,"Thibodaux, LA",David R. Stopher Gymnasium
Norfolk State,Spartans,NORF,MEAC,"Norfolk, VA",Joseph G. Echols Hall
North Alabama,Lions,UNA,A-Sun,"Florence, AL",Flowers Hall
North Carolina,Tar Heels,UNC,ACC,"Chapel Hill, NC",Dean E. Smith Center
North Carolina A&T,Aggies,NC A&T,CAA,"Greensboro, NC",Corbett Sports Center
North Carolina Central,Eagles,NCCU,MEAC,"Durham, NC",McDougald-McLendon Arena
North Dakota,Fighting Hawks,UND,Summit,"Grand Forks, ND",Betty Engelstad Sioux Center
North Dakota State,Bison,NDSU,Summit,"Fargo, ND",Scheels Center
North Florida,Ospreys,UNF,A-Sun,"Jacksonville, FL",UNF Arena
North Texas,Mean Green,UNT,American,"Denton, TX",The Super Pit
Northeastern,Huskies,NEU,CAA,"Boston, MA",Matthews Arena
Northern Arizona,Lumberjacks,NAU,Big Sky,"Flagstaff, AZ",J. Lawrence Walkup Skydome
Northern Colorado,Bears,NOCOL,Big Sky,"Greeley, CO",Bank of Colorado Arena
Northern Illinois,Huskies,NIU,MAC,"DeKalb, IL",NIU Convocation Center
Northern Iowa,Panthers,UNI,MVC,"Cedar Falls, IA",McLeod Center
Northern Kentucky,Norse,NKU,Horizon,"Highland Heights, KY",Truist Arena
Northwestern,Wildcats,NWU,Big Ten,"Evanston, IL",Welsh-Ryan Arena
Northwestern State,Demons,NSU,Southland,"Natchitoches, LA",Prather Coliseum
Notre Dame,Fighting Irish,ND,ACC,"South Bend, IN",Purcell Pavilion
Oakland,Golden Grizzlies,OAKL,Horizon,"Rochester, MI",OU Credit Union O'rena
Ohio,Bobcats,OHIO,MAC,"Athens, OH",Convocation Center (OH)
Ohio State,Buckeyes,OSU,Big Ten,"Columbus, OH",Value City Arena
Oklahoma,Sooners,OKLA,SEC,"Norman, OK",Lloyd Noble Center
Oklahoma State,Cowboys,OKST,Big 12,"Stillwater, OK",Gallagher-Iba Arena
Old Dominion,Monarchs,ODU,Sun Belt,"Norfolk, VA",Chartway Arena
Ole Miss,Rebels,MISS,SEC,"Oxford, MS",The Sandy and John Black Pavilion at Ole Miss
Omaha,Mavericks,OMAHA,Summit,"Omaha, NE",Baxter Arena
Oral Roberts,Golden Eagles,ORU,Summit,"Tulsa, OK",Mabee Center
Oregon,Ducks,OREG,Big Ten,"Eugene, OR",Matthew Knight Arena
Oregon State,Beavers,ORST,WCC,"Corvallis, OR",Gill Coliseum
Pacific,Tigers,PACI,WCC,"Stockton, CA",Alex G. Spanos Center
Penn State,Nittany Lions,PENST,Big Ten,"University Park, PA",Bryce Jordan Center
Pennsylvania,Quakers,PENN,Ivy,"Philadelphia, PA",The Palestra
Pepperdine,Waves,PEPP,WCC,"Malibu, CA",Firestone Fieldhouse
Pittsburgh,Panthers,PITT,ACC,"Pittsburgh, PA",Petersen Events Center
Portland,Pilots,UP,WCC,"Portland, OR",Chiles Center
Portland State,Vikings,PORTL,Big Sky,"Portland, OR",Viking Pavilion
Prairie View A&M,Panthers,PVAMU,SWAC,"Prairie View, TX",William Nicks Building
Presbyterian,Blue Hose,PRSBY,Big South,"Clinton, SC",Ross E. Templeton P.E. Center
Princeton,Tigers,PRIN,Ivy,"Princeton, NJ",Jadwin Gymnasium
Providence,Friars,PROV,Big East,"Providence, RI",Amica Mutual Pavilion
Purdue,Boilermakers,PURD,Big Ten,"West Lafayette, IN",Mackey Arena
Queens University,Royals,QUC,A-Sun,"Charlotte, NC",Curry Arena
Quinnipiac,Bobcats,QUIN,MAAC,"Hamden, CT",M&T Bank Arena
Radford,Highlanders,RADF,Big South,"Radford, VA",Carilion Clinic Court at the Dedmon Center
Rhode Island,Rams,URI,A-10,"Kingston, RI",Thomas M. Ryan Center
Rice,Owls,RICE,American,"Houston, TX",Tudor Fieldhouse
Richmond,Spiders,RICH,A-10,"Richmond, VA",Robins Center
Rider,Broncs,RIDER,MAAC,"Lawrenceville, NJ",Alumni Gymnasium (Rider)
Robert Morris,Colonials,RMU,Horizon,"Moon Township, PA",UPMC Events Center
Rutgers,Scarlet Knights,RUTG,Big Ten,"Piscataway, NJ",Jersey Mike's Arena
Sacramento State,Hornets,CSUS,Big Sky,"Sacramento, CA",Hornet Pavilion
Sacred Heart,Pioneers,HEART,MAAC,"Fairfield, CT",William H. Pitt Center
Saint Joseph's,Hawks,STJOE,A-10,"Philadelphia, PA",Michael J. Hagan '85 Arena
Saint Louis,Billikens,STLOU,A-10,"St. Louis, MO",Chaifetz Arena
Saint Mary's,Gaels,STMRY,WCC,"Moraga, CA",University Credit Union Pavilion
Saint Peter's,Peacocks,STPC,MAAC,"Jersey City, NJ",Run Baby Run Arena
Sam Houston State,Bearkats,SHSU,C-USA,"Huntsville, TX",Bernard G. Johnson Coliseum
Samford,Bulldogs,SAMF,SoCon,"Homewood, AL",Pete Hanna Center
San Diego,Toreros,SAND,WCC,"San Diego, CA",Jenny Craig Pavilion
San Diego State,Aztecs,SDSU,MWC,"San Diego, CA",Viejas Arena
San Francisco,Dons,SANFR,WCC,"San Francisco, CA",War Memorial at the Sobrato Center
San Jose State,Spartans,SJSU,MWC,"San Jose, CA",Provident Credit Union Event Center
Santa Clara,Broncos,SCU,WCC,"Santa Clara, CA",Leavey Center
Seattle,Redhawks,SEA,WCC,"Seattle, WA",Redhawk Center
Seton Hall,Pirates,SETON,Big East,"Newark, NJ",Prudential Center
Siena,Saints,SIENA,MAAC,"Albany, NY",MVP Arena
SIU-Edwardsville,Cougars,SIUE,OVC,"Edwardsville, IL",First Community Arena at the Vadalabene Center
South Alabama,Jaguars,USA,Sun Belt,"Mobile, AL",Mitchell Center
South Carolina,Gamecocks,SOCAR,SEC,"Columbia, SC",Colonial Life Arena
South Carolina State,Bulldogs,SCSU,MEAC,"Orangeburg, SC",Smith-Hammond-Middleton Memorial Center
South Dakota,Coyotes,SODAK,Summit,"Vermillion, SD",Sanford Coyote Sports Center
South Dakota State,Jackrabbits,SDKSU,Summit,"Brookings, SD",First Bank and Trust Arena
South Florida,Bulls,USOFL,American,"Tampa, FL",Yuengling Center
Southeast Missouri State,Redhawks,SEMO,OVC,"Cape Girardeau, MO",Show Me Center
Southeastern Louisiana,Lions,SELU,Southland,"Hammond, LA",Pride Roofing University Center
Southern,Jaguars,SUBR,SWAC,"Baton Rouge, LA",F.G. Clark Activity Center
Southern Illinois,Salukis,SOILL,MVC,"Carbondale, IL",Banterra Center
Southern Indiana,Screaming Eagles,USI,OVC,"Evansville, IN",Liberty Arena (IN)
Southern Methodist,Mustangs,SMU,ACC,"Dallas, TX",Moody Coliseum (Dallas)
Southern Mississippi,Golden Eagles,SOMIS,Sun Belt,"Hattiesburg, MS",Reed Green Coliseum
Southern Utah,Thunderbirds,SUU,WAC,"Cedar City, UT",America First Events Center
St. Bonaventure,Bonnies,STBN,A-10,"Saint Bonaventure, NY",Reilly Center
St. Francis (PA),Red Flash,STFPA,NEC,"Loretto, PA",DeGol Arena
St. John's,Red Storm,STJ,Big East,"Queens, NY",Carnesecca Arena
St. Thomas,Tommies,STTOM,Summit,"Saint Paul, MN",Lee & Penny Anderson Arena
Stanford,Cardinal,STAN,ACC,"Stanford, CA",Maples Pavilion
Stephen F. Austin,Lumberjacks,SFA,Southland,"Nacogdoches, TX",William R. Johnson Coliseum
Stetson,Hatters,STET,A-Sun,"DeLand, FL",Edmunds Center
Stonehill,Skyhawks,STONE,NEC,"South Easton, MA",Merkert Gymnasium
Stony Brook,Seawolves,SB,CAA,"Stony Brook, NY",Stony Brook Arena
Syracuse,Orange,SYRA,ACC,"Syracuse, NY",JMA Wireless Dome
Tarleton State,Texans,TARST,WAC,"Stephenville, TX",Wisdom Gym
TCU,Horned Frogs,TCU,Big 12,"Fort Worth, TX",Ed and Rae Schollmaier Arena
Temple,Owls,TEM,American,"Philadelphia, PA",Liacouras Center
Tennessee,Volunteers,TENN,SEC,"Knoxville, TN",Thompson-Boling Arena
Tennessee State,Tigers,TNST,OVC,"Nashville, TN",Gentry Center
Tennessee Tech,Golden Eagles,TNTCH,OVC,"Cookeville, TN",Hooper Eblen Center
Tennessee-Martin,Skyhawks,UTM,OVC,"Martin, TN",Kathleen and Tom Elam Center
Texas,Longhorns,TEXAS,SEC,"Austin, TX",Moody Center
Texas A&M,Aggies,TAMU,SEC,"College Station, TX",Reed Arena
Texas A&M-CC,Islanders,TAMU-CC,Southland,"Corpus Christi, TX",Hilliard Center
Texas Southern,Tigers,TEXSO,SWAC,"Houston, TX",H&PE Arena
Texas State,Bobcats,TXST,Sun Belt,"San Marcos, TX",Strahan Arena at the University Events Center
Texas Tech,Red Raiders,TXTCH,Big 12,"Lubbock, TX",United Supermarkets Arena
Texas-Arlington,Mavericks,UTA,WAC,"Arlington, TX",College Park Center
Texas-RGV,Vaqueros,UTRGV,Southland,"Edinburg, TX",UTRGV Fieldhouse
Texas-San Antonio,Roadrunners,UTSA,American,"San Antonio, TX",UTSA Convocation Center
The Citadel,Bulldogs,CTDL,SoCon,"Charleston, SC",McAlister Field House
Toledo,Rockets,U of T,MAC,"Toledo, OH",Savage Arena
Towson,Tigers,TOWS,CAA,"Towson, MD",SECU Arena
Troy,Trojans,TROY,Sun Belt,"Troy, AL",Trojan Arena
Tulane,Green Wave,TULAN,American,"New Orleans, LA",Avron B. Fogelman Arena in the Devlin Fieldhouse
Tulsa,Golden Hurricane,TULSA,American,"Tulsa, OK",Donald W. Reynolds Center
UAB,Blazers,UAB,American,"Birmingham, AL",Bartow Arena
UC Davis,Aggies,UCD,Big West,"Davis, CA",University Credit Union Center
UC Irvine,Anteaters,UCI,Big West,"Irvine, CA",Bren Events Center
UC Riverside,Highlanders,UCR,Big West,"Riverside, CA",SRC Arena
UC San Diego,Tritons,UCSD,Big West,"San Diego, CA",LionTree Arena
UC Santa Barbara,Gauchos,UCSB,Big West,"Santa Barbara, CA",The Thunderdome
UCF,Knights,UCF,Big 12,"Orlando, FL",Addition Financial Arena
UCLA,Bruins,UCLA,Big Ten,"Los Angeles, CA",Pauley Pavilion
UConn,Huskies,UConn,Big East,"Storrs, CT",Harry A. Gampel Pavilion
UMass Lowell,River Hawks,UML,AmEast,"Lowell, MA",Kennedy Family Athletic Complex
UMBC,Retrievers,UMBC,AmEast,"Baltimore, MD",Chesapeake Employers Insurance Arena
UMKC,Kangaroos,UMKC,Summit,"Kansas City, MO",Swinney Center
UNC Asheville,Bulldogs,UNCA,Big South,"Asheville, NC",Kimmel Arena
UNC Greensboro,Spartans,UNCG,SoCon,"Greensboro, NC",First Horizon Coliseum
UNC Wilmington,Seahawks,UNCW,CAA,"Wilmington, NC",Trask Coliseum
UNLV,Runnin' Rebels,UNLV,MWC,"Las Vegas, NV",Thomas & Mack Center
USC,Trojans,USC,Big Ten,"Los Angeles, CA",Galen Center
USC Upstate,Spartans,USCU,Big South,"Spartanburg, SC",G.B. Hodge Center
Utah,Utes,U of U,Big 12,"Salt Lake City, UT",Jon M. Huntsman Center
Utah State,Aggies,USU,MWC,"Logan, UT",Dee Glen Smith Spectrum
Utah Tech,Trailblazers,UTECH,WAC,"St. George, UT",Burns Arena
Utah Valley,Wolverines,UVU,WAC,"Orem, UT",UCCU Center
UTEP,Miners,UTEP,C-USA,"El Paso, TX",Don Haskins Center
Valparaiso,Beacons,VAL,MVC,"Valparaiso, IN",Athletics-Recreation Center
Vanderbilt,Commodores,VANDY,SEC,"Nashville, TN",Memorial Gymnasium (TN)
VCU,Rams,VCU,A-10,"Richmond, VA",Stuart C. Siegel Center
Vermont,Catamounts,UVM,AmEast,"Burlington, VT",Patrick Gymnasium
Villanova,Wildcats,VILL,Big East,"Villanova, PA",Finneran Pavilion
Virginia,Cavaliers,UVA,ACC,"Charlottesville, VA",John Paul Jones Arena
Virginia Military,Keydets,VMI,SoCon,"Lexington, VA",Cameron Hall
Virginia Tech,Hokies,VT,ACC,"Blacksburg, VA",Cassell Coliseum
Wagner,Seahawks,WAGNR,NEC,"Staten Island, NY",Spiro Sports Center
Wake Forest,Demon Deacons,WF,ACC,"Winston-Salem, NC",LJVM Coliseum
Washington,Huskies,UWASH,Big Ten,"Seattle, WA",Alaska Airlines Arena at Hec Edmundson Pavilion
Washington State,Cougars,WSU,WCC,"Pullman, WA",Friel Court at Beasley Coliseum
Weber State,Wildcats,WEBER,Big Sky,"Ogden, UT",Dee Events Center
West Georgia,Wolves,UWG,A-Sun,"Carrollton, GA",The Coliseum at the University of West Georgia
West Virginia,Mountaineers,WVU,Big 12,"Morgantown, WV",WVU Coliseum
Western Carolina,Catamounts,WCU,SoCon,"Cullowhee, NC",Ramsey Center
Western Illinois,Leathernecks,WIU,OVC,"Macomb, IL",LeRoy A. Ufkes Court at Western Hall
Western Kentucky,Hilltoppers,WKU,C-USA,"Bowling Green, KY",E.A. Diddle Arena
Western Michigan,Broncos,WMY,MAC,"Kalamazoo, MI",University Arena (MI)
Wichita State,Shockers,WICHI,American,"Wichita, KS",Charles Koch Arena
William & Mary,Tribe,W&M,CAA,"Williamsburg, VA",Kaplan Arena
Winthrop,Eagles,WIN,Big South,"Rock Hill, SC",Winthrop Coliseum
Wisconsin,Badgers,UWISC,Big Ten,"Madison, WI",Kohl Center
Wofford,Terriers,WOFF,SoCon,"Spartanburg, SC",Jerry Richardson Indoor Stadium
Wright State,Raiders,WRST,Horizon,"Dayton, OH",Nutter Center
Wyoming,Cowboys,UWYOM,MWC,"Laramie, WY",Arena-Auditorium
Xavier,Musketeers,XAV,Big East,"Cincinnati, OH",Cintas Center
Yale,Bulldogs,YALE,Ivy,"New Haven, CT",John J. Lee Amphitheater
Youngstown State,Penguins,YSU,Horizon,"Youngstown, OH",Beeghly Center
