Team,Division,Initial Rating,Current Rating,Strength of Schedule,Average Opponent Rating,Home Rating,Away Rating,Last Updated
Abilene Christian,D1,3.43,6.85,0.29,0.87,8.44,5.45,2026-08-12T04:50:27
Air Force,D1,1.97,-0.19,3.01,1.59,3.89,-2.72,2026-08-12T04:50:27
Akron,D1,-8.73,-8.69,4.14,3.13,-8.2,-9.15,2026-08-12T04:50:27
Alabama,D1,32.71,29.62,21.19,19.05,30.66,27.86,2026-08-12T04:50:27
Alabama A&M,D1,-5.06,-3.41,-6.02,-2.38,-1.41,-5.05,2026-08-12T04:50:27
Alabama State,D1,-24.37,-13.34,-6.74,-3.33,-13.12,-13.51,2026-08-12T04:50:27
Albany,D1,4.31,-0.58,-1.2,-1.32,1.95,-2.64,2026-08-12T04:50:27
Alcorn State,D1,-13.88,-12.15,-6.15,-1.07,-11.05,-13.02,2026-08-12T04:50:27
American University,D1,-22.58,-13.92,-3.41,-2.86,-13.85,-13.98,2026-08-12T04:50:27
App State,D1,-4.39,1.81,5.1,4.21,6.93,-2.62,2026-08-12T04:50:27
Arizona,D1,18.34,10.48,11.85,10.46,11.55,8.35,2026-08-12T04:50:27
Arizona State,D1,9.34,20.63,14.92,13.77,22.27,18.9,2026-08-12T04:50:27
Arkansas,D1,8.5,11.75,17.31,16.78,15.47,5.54,2026-08-12T04:50:27
Arkansas State,D1,4.39,12.63,3.6,3.53,17.52,7.17,2026-08-12T04:50:27
Arkansas-Pine Bluff,D1,-23.01,-17.81,-8.78,-4.96,-12.78,-20.89,2026-08-12T04:50:27
Army,D1,0.12,3.68,-3.6,-2.23,6.95,0.41,2026-08-12T04:50:27
Auburn,D1,19.28,15.21,18.78,18.06,18.68,11.28,2026-08-12T04:50:27
Austin Peay,D1,-6.48,2.18,-2.24,-1.78,-2.19,5.78,2026-08-12T04:50:27
Ball State,D1,14.82,13.23,2.79,4.12,14.63,11.98,2026-08-12T04:50:27
Baylor,D1,33.7,27.56,17.29,15.71,29.6,23.81,2026-08-12T04:50:27
Bellarmine,D1,-5.45,-31.98,2.83,4.5,-29.26,-33.69,2026-08-12T04:50:27
Belmont,D1,18.41,9.25,5.03,9.08,10.78,7.52,2026-08-12T04:50:27
Bethune-Cookman,D1,-15.31,-20.33,-9.06,-7.66,-17.35,-21.82,2026-08-12T04:50:27
Binghamton,D1,-7.72,0.36,-0.09,0.6,3.94,-2.59,2026-08-12T04:50:27
Boise State,D1,5.64,7.81,2.08,2.92,12.28,0.93,2026-08-12T04:50:27
Boston College,D1,16.21,0.38,13.12,12.76,-0.5,1.77,2026-08-12T04:50:27
Boston University,D1,-10.29,-9.07,-3.97,-3.22,-11.24,-7.17,2026-08-12T04:50:27
Bowling Green,D1,5.24,0.56,3.48,3.98,2.16,-0.83,2026-08-12T04:50:27
Bradley,D1,-0.8,3.49,-0.35,-0.01,7.88,-0.9,2026-08-12T04:50:27
BYU,D1,14.52,20.53,14.37,13.03,22.73,17.15,2026-08-12T04:50:27
Brown,D1,-0.36,4.72,1.99,-0.13,10.2,1.29,2026-08-12T04:50:27
Bryant,D1,-7.16,0.6,-5.53,-7.11,2.63,-0.83,2026-08-12T04:50:27
Bucknell,D1,-1.27,-10.89,-3.24,-2.31,-8.34,-13.43,2026-08-12T04:50:27
Buffalo,D1,9.42,-11.4,1.76,1.8,-8.86,-14.31,2026-08-12T04:50:27
Butler,D1,8.05,9.12,11.93,9.81,10.66,7.26,2026-08-12T04:50:27
Cal Poly,D1,-6.33,-15.97,3.81,6.13,-10.67,-19.95,2026-08-12T04:50:27
Cal State Bakersfield,D1,-19.98,-10.25,-1.42,-1.68,-9.11,-11.32,2026-08-12T04:50:27
Cal State Fullerton,D1,-13.71,0.39,-1.58,-1.45,2.2,-1.42,2026-08-12T04:50:27
Cal State Northridge,D1,-22.64,-8.03,-0.32,0.14,-5.81,-9.96,2026-08-12T04:50:27
California,D1,26,21.66,15.71,15.49,24.11,17.8,2026-08-12T04:50:27
California Baptist,D1,-6.01,6.7,1.93,3.49,9.77,3.63,2026-08-12T04:50:27
Campbell,D1,1.69,-2.68,-3.71,-3.31,-0.16,-4.87,2026-08-12T04:50:27
Canisius,D1,-15.09,-17.39,-4.01,-2.98,-18.28,-16.56,2026-08-12T04:50:27
Central Arkansas,D1,-0.69,5.97,-2.8,-1.62,9.32,3.4,2026-08-12T04:50:27
Central Connecticut,D1,-16.48,-27.62,-9.06,-6.54,-24.32,-30.26,2026-08-12T04:50:27
Central Michigan,D1,-1.2,6.93,3.76,5.39,5.86,7.81,2026-08-12T04:50:27
Charleston,D1,9.38,8.17,-2.67,-1.22,9.29,6.82,2026-08-12T04:50:27
Charleston Southern,D1,-14.11,-15.83,-3.38,-0.2,-17.47,-14.5,2026-08-12T04:50:27
Charlotte,D1,-4.77,4.46,7.18,8.16,6.72,1.14,2026-08-12T04:50:27
Chattanooga,D1,-0.37,-2.61,-5.06,-3,-2.17,-3.08,2026-08-12T04:50:27
Chicago State,D1,-20.58,-20.46,-6.56,-2.86,-18.92,-21.49,2026-08-12T04:50:27
Cincinnati,D1,14.07,11.04,15.81,14.74,16.49,4.81,2026-08-12T04:50:27
Clemson,D1,18.68,22.67,14.06,12.8,25.02,20.45,2026-08-12T04:50:27
Cleveland State,D1,7.51,4.12,-3.31,-3.93,7.59,0.44,2026-08-12T04:50:27
Coastal Carolina,D1,7.32,5.98,3.98,3.02,8.52,3.45,2026-08-12T04:50:27
Colgate,D1,2.56,-14.43,-2.4,-1.08,-11.63,-16.58,2026-08-12T04:50:27
Colorado,D1,18.7,23.71,17.06,15.57,26.57,19.61,2026-08-12T04:50:27
Colorado State,D1,10.7,14.58,4.35,4.44,13.62,15.66,2026-08-12T04:50:27
Columbia,D1,19.91,20.86,7.8,8.94,19.41,22.22,2026-08-12T04:50:27
Coppin State,D1,-3.28,-9.47,1.79,6.78,-8.79,-9.85,2026-08-12T04:50:27
Cornell,D1,-5.84,-9.61,1.08,-1.05,-10.51,-8.95,2026-08-12T04:50:27
Creighton,D1,25.28,13.28,14.24,11.82,17.7,9.9,2026-08-12T04:50:27
Dartmouth,D1,-11.53,-13.58,0.14,-2.69,-11.77,-14.78,2026-08-12T04:50:27
Davidson,D1,10.59,13.88,6.55,6.28,15.97,11.66,2026-08-12T04:50:27
Dayton,D1,3.52,3.14,3.72,3.37,3.54,2.64,2026-08-12T04:50:27
Delaware,D1,-5.12,-3.58,-0.07,-0.16,-2.23,-4.85,2026-08-12T04:50:27
Delaware State,D1,-28.52,-17.42,-4.64,-2.41,-14.04,-19.74,2026-08-12T04:50:27
Denver,D1,-4.95,-7.85,0.76,0.8,-4.92,-10.04,2026-08-12T04:50:27
DePaul,D1,8.32,2.28,11.56,9.31,5.54,-1.4,2026-08-12T04:50:27
Detroit-Mercy,D1,-7.87,-10.33,0.11,0.66,-10.01,-10.64,2026-08-12T04:50:27
Drake,D1,15,-0.48,2.49,5.64,0.77,-1.89,2026-08-12T04:50:27
Drexel,D1,-3.03,0.89,-5.46,-5.19,4.56,-2.36,2026-08-12T04:50:27
Duke,D1,38.9,38.39,24.03,20.95,44.31,31.78,2026-08-12T04:50:27
Duquesne,D1,7.7,-2.13,1.22,0.83,-1.87,-2.31,2026-08-12T04:50:27
East Carolina,D1,6.26,8.11,2.17,1.95,8.77,7.01,2026-08-12T04:50:27
East Tennessee State,D1,-1.65,-5.35,-3.8,-2,-7.03,-3.3,2026-08-12T04:50:27
East Texas A&M,D1,-12.84,-10.11,-3.42,-1.42,-6.97,-12.81,2026-08-12T04:50:27
Eastern Illinois,D1,0.72,-13.51,1.46,2.91,-11.21,-15.17,2026-08-12T04:50:27
Eastern Kentucky,D1,-0.2,6.73,-3.3,-1.56,9.04,4.42,2026-08-12T04:50:27
Eastern Michigan,D1,-13.62,0.38,2.55,2.76,0.66,0.16,2026-08-12T04:50:27
Eastern Washington,D1,-2.41,-1.04,1.22,1,-0.39,-1.51,2026-08-12T04:50:27
Elon,D1,-7.02,-3.13,-3.92,-3.53,2.56,-7.56,2026-08-12T04:50:27
Evansville,D1,-11.67,-6.37,1.11,0.96,-3.48,-8.09,2026-08-12T04:50:27
Fairfield,D1,13.95,15.64,-2.9,0.37,17.23,14.15,2026-08-12T04:50:27
Fairleigh Dickinson,D1,-1.07,3.22,-10.28,-6.28,3.95,2.5,2026-08-12T04:50:27
Florida,D1,21.18,23.69,17.23,16.37,27.39,17.99,2026-08-12T04:50:27
Florida A&M,D1,-10.74,-18.84,-7.54,-5.87,-14,-22.54,2026-08-12T04:50:27
Florida Atlantic,D1,-2.96,-2.61,5.32,5.17,0.74,-5.76,2026-08-12T04:50:27
Florida Gulf Coast,D1,14.02,2.15,2.38,5.43,3.79,0,2026-08-12T04:50:27
Florida International,D1,-5.61,2.19,0.37,-0.48,5.69,-2.32,2026-08-12T04:50:27
Florida State,D1,31.82,12.44,17.99,17.95,14.43,9.29,2026-08-12T04:50:27
Fordham,D1,-0.79,-4,0.87,-0.27,-2.59,-5.31,2026-08-12T04:50:27
Purdue Fort Wayne,D1,10.99,5.87,0.17,1.83,11.42,0.32,2026-08-12T04:50:27
Fresno State,D1,0.75,3.44,1.26,-0.09,4.78,2.33,2026-08-12T04:50:27
Furman,D1,-6.89,-5.14,-2.37,0,-3.02,-7.12,2026-08-12T04:50:27
Gardner-Webb,D1,-15.21,-15.82,-8.37,-7.07,-14.68,-16.89,2026-08-12T04:50:27
George Mason,D1,18.59,15.25,8.04,7.39,15.85,14.32,2026-08-12T04:50:27
George Washington,D1,-4.96,3.28,4.11,3.64,7.85,-1.56,2026-08-12T04:50:27
Georgetown,D1,9.81,12.7,12.54,8.8,14.76,10.19,2026-08-12T04:50:27
Georgia,D1,12.84,27.5,16.06,14.88,28.54,25.51,2026-08-12T04:50:27
Georgia Southern,D1,-2.01,12.02,6.82,6.16,16.46,7.59,2026-08-12T04:50:27
Georgia State,D1,-2.5,-2.96,5.42,5.17,-1.67,-4.16,2026-08-12T04:50:27
Georgia Tech,D1,28.03,16.34,16.46,16.13,22.16,9.35,2026-08-12T04:50:27
Gonzaga,D1,11,17.07,7.93,8.61,21.77,11.78,2026-08-12T04:50:27
Grambling,D1,-9.35,-12.41,-7.23,-4.24,-9.3,-14.6,2026-08-12T04:50:27
Grand Canyon,D1,15.82,7.63,7.5,9.2,6.47,8.79,2026-08-12T04:50:27
Green Bay,D1,12.29,10.15,1.18,4.68,11.27,9.15,2026-08-12T04:50:27
Hampton,D1,-13.85,-11.6,-5.3,-5.95,-9.64,-12.91,2026-08-12T04:50:27
Harvard,D1,20.55,16.25,7.59,7.8,17.61,15.05,2026-08-12T04:50:27
Hawaii,D1,3.62,6.84,-0.97,-1.17,7.55,6.05,2026-08-12T04:50:27
High Point,D1,-2.98,3.47,-8.87,-6.71,5.62,1.04,2026-08-12T04:50:27
Hofstra,D1,-8.16,-7.13,0.28,1.86,-10.32,-4.94,2026-08-12T04:50:27
Holy Cross,D1,0.6,2.31,-0.99,1.87,4.91,-0.45,2026-08-12T04:50:27
Houston,D1,4.55,3.94,15.94,14.39,7.14,0.29,2026-08-12T04:50:27
Houston Christian,D1,-15.74,-13.14,-1.46,1.62,-12.38,-13.64,2026-08-12T04:50:27
Howard,D1,-0.67,2.49,-3.69,0.31,3.75,1.5,2026-08-12T04:50:27
Idaho,D1,3.21,9.81,0.15,0.32,12.91,6.53,2026-08-12T04:50:27
Idaho State,D1,-1.62,3.89,0.51,1.04,3.78,3.98,2026-08-12T04:50:27
Illinois,D1,26.96,28.62,18.18,17.45,29.09,28.02,2026-08-12T04:50:27
Illinois State,D1,8.13,5.4,0.85,2.26,9.15,0.25,2026-08-12T04:50:27
UIC,D1,6.54,0.22,0.1,1.13,0.07,0.4,2026-08-12T04:50:27
Incarnate Word,D1,-5.21,-9.34,-0.73,3.55,-11.46,-7.52,2026-08-12T04:50:27
Indiana,D1,27,20.45,19.23,18.39,22.72,17.87,2026-08-12T04:50:27
Indiana State,D1,-7.86,-10.9,0.2,0.3,-8.86,-12.37,2026-08-12T04:50:27
Iona,D1,-13.04,-9.39,-9.02,-7.76,-9.69,-9.12,2026-08-12T04:50:27
Iowa,D1,30.55,34.87,23.02,20.97,38.19,30.46,2026-08-12T04:50:27
Iowa State,D1,26.5,27.67,13.27,12.25,30.85,20.69,2026-08-12T04:50:27
IU Indianapolis,D1,-9.19,-4.77,0.47,1.25,-0.47,-8.27,2026-08-12T04:50:27
Jackson State,D1,-11.03,-14,-6.77,-2.59,-17.22,-11.86,2026-08-12T04:50:27
Jacksonville,D1,-4.53,3.61,0.64,2.37,8.02,-1.09,2026-08-12T04:50:27
Jacksonville State,D1,-3.2,-2.63,-1.63,-1.56,1.49,-5.98,2026-08-12T04:50:27
James Madison,D1,15.32,21.53,8.64,9.48,25.42,16.9,2026-08-12T04:50:27
Kansas,D1,15.63,21.23,15.56,14.38,23.5,18.39,2026-08-12T04:50:27
Kansas State,D1,36.84,20.75,18.37,17.46,23.09,17.67,2026-08-12T04:50:27
Kennesaw State,D1,-3.27,-4.26,0.41,1.25,-0.45,-7.31,2026-08-12T04:50:27
Kent State,D1,7.91,3.15,2.52,1.74,5.33,1.48,2026-08-12T04:50:27
Kentucky,D1,32.52,35.33,21.39,18.97,38.77,31.89,2026-08-12T04:50:27
La Salle,D1,-8.95,3.98,3.64,3.54,4.6,3.43,2026-08-12T04:50:27
Lafayette,D1,-12.76,-9.73,-5.11,-5.49,-10.35,-9.29,2026-08-12T04:50:27
Lamar,D1,7.49,-0.95,-4.35,-2.93,1.56,-3.47,2026-08-12T04:50:27
Le Moyne,D1,-22.58,-22.31,-7.18,-3.82,-16.31,-25.32,2026-08-12T04:50:27
Lehigh,D1,5.54,-1.54,-2,-0.42,2.88,-5.23,2026-08-12T04:50:27
Liberty,D1,13.27,5.25,2.12,3.05,7.68,3.13,2026-08-12T04:50:27
Lindenwood,D1,0.56,9.03,-0.01,1.27,9.27,8.85,2026-08-12T04:50:27
Lipscomb,D1,-1.95,-7.13,-3.13,-3.11,-4.84,-8.84,2026-08-12T04:50:27
Little Rock,D1,-5.03,-3.92,0.83,3.01,-1.1,-6.95,2026-08-12T04:50:27
Long Beach State,D1,-5.51,-14.03,2.57,4.13,-11.06,-17.01,2026-08-12T04:50:27
Long Island University,D1,-25.9,-9.14,-13.35,-11.74,-10.29,-8.39,2026-08-12T04:50:27
Longwood,D1,-6.7,-2.17,-7.44,-4.87,5.91,-9.71,2026-08-12T04:50:27
Louisiana,D1,2.37,-13.11,4.32,4.42,-13.57,-12.77,2026-08-12T04:50:27
Louisiana Tech,D1,0.28,12.32,2.32,3.58,13.61,10.76,2026-08-12T04:50:27
UL Monroe,D1,-2.15,4.34,3.96,4.91,10.28,-0.91,2026-08-12T04:50:27
Louisville,D1,26.1,36.46,18.79,17.18,36.46,36.47,2026-08-12T04:50:27
Loyola Chicago,D1,-7.62,0.6,5.08,5.16,-0.98,2.01,2026-08-12T04:50:27
Loyola Maryland,D1,-10.28,-8.02,-2.72,-1.53,-8.59,-7.58,2026-08-12T04:50:27
Loyola Marymount,D1,-2.67,8.78,2.68,2.2,10.48,6.83,2026-08-12T04:50:27
LSU,D1,38.77,51.6,17.71,14.14,54.63,46.46,2026-08-12T04:50:27
Maine,D1,-4.17,2.34,1.34,3.08,6.81,-1.85,2026-08-12T04:50:27
Manhattan,D1,-4.13,-9.94,-3.61,-1.48,-8.14,-11.85,2026-08-12T04:50:27
Marist,D1,-7.5,-11.48,-3.73,-2.76,-7.38,-15.84,2026-08-12T04:50:27
Marquette,D1,16.72,16.15,12.84,11.4,18.32,13.47,2026-08-12T04:50:27
Marshall,D1,-0.51,10.79,2.68,1.37,13.13,8.17,2026-08-12T04:50:27
Maryland,D1,29.25,35.73,17.13,16.15,34.88,37.44,2026-08-12T04:50:27
Maryland-Eastern Shore,D1,-4.47,-5.2,-2.44,1.04,-3.18,-6.68,2026-08-12T04:50:27
Massachusetts,D1,4.54,9.04,0.57,0.75,9.91,8.16,2026-08-12T04:50:27
McNeese,D1,-17.49,10.3,-1.57,1.95,10.41,10.22,2026-08-12T04:50:27
Memphis,D1,-1.24,-0.71,4.49,4.71,2.51,-3.94,2026-08-12T04:50:27
Mercer,D1,-13.8,-7.01,-6.58,-6.34,-4.27,-8.79,2026-08-12T04:50:27
Mercyhurst,D1,-18.09,-18.13,-6.63,-2.09,-14.62,-21.64,2026-08-12T04:50:27
Merrimack,D1,-8.77,-4.19,-6.35,-5.97,0.35,-8.45,2026-08-12T04:50:27
Miami,D1,14.28,20.66,15.72,15.05,24.49,13.95,2026-08-12T04:50:27
Miami (OH),D1,4.23,12.01,2.77,2.48,18.39,6.7,2026-08-12T04:50:27
Michigan,D1,31.58,42.77,23.11,22.18,47.45,36.53,2026-08-12T04:50:27
Michigan State,D1,32.31,34.86,18.08,16.94,35.25,34.4,2026-08-12T04:50:27
Middle Tennessee,D1,16.27,4.05,2.51,3.14,6.94,0.98,2026-08-12T04:50:27
Milwaukee,D1,-9.16,-10.57,-1.9,-0.92,-7.03,-13.53,2026-08-12T04:50:27
Minnesota,D1,25.57,35.15,19.85,18.36,38.06,30.07,2026-08-12T04:50:27
Mississippi State,D1,26.92,24.12,16.41,15.65,27.69,17.65,2026-08-12T04:50:27
Mississippi Valley State,D1,-21.18,-25.62,-7.17,-3.02,-16.92,-31.12,2026-08-12T04:50:27
Missouri,D1,17.62,15.19,19.34,19.26,18.83,10,2026-08-12T04:50:27
Missouri State,D1,15.39,7.49,3.96,4.19,10.1,5.15,2026-08-12T04:50:27
Monmouth,D1,-6.84,-2,-3.64,-2.65,0.77,-4.44,2026-08-12T04:50:27
Montana,D1,0.6,-6.53,4.4,6.19,-6.4,-6.62,2026-08-12T04:50:27
Montana State,D1,15.5,13.84,3.02,5.23,22.63,5.57,2026-08-12T04:50:27
Morehead State,D1,-14.25,-2.4,0.42,2.14,3.2,-7.33,2026-08-12T04:50:27
Morgan State,D1,-15.18,-19.02,-0.16,3.32,-16.95,-20.11,2026-08-12T04:50:27
Mount St. Mary's,D1,-3.08,-9.81,-7.51,-5.87,-7.9,-11.49,2026-08-12T04:50:27
Murray State,D1,19.25,11.63,1.25,3.76,14.55,9.05,2026-08-12T04:50:27
N.J.I.T.,D1,-8.59,-0.63,-3.16,-3.61,2.74,-3.6,2026-08-12T04:50:27
Navy,D1,-2.5,4.34,-3.34,-1.57,4.29,4.39,2026-08-12T04:50:27
NC State,D1,33.74,30.08,20.45,20.08,30.5,29.53,2026-08-12T04:50:27
Nebraska,D1,25.45,30.66,19.32,18.76,33.63,25.72,2026-08-12T04:50:27
Nevada,D1,-1.67,-1.85,2.83,2.01,4.21,-6.84,2026-08-12T04:50:27
New Hampshire,D1,-11.73,-8.97,-1.32,-1.6,-4.82,-11.65,2026-08-12T04:50:27
New Haven,D1,-10.73,-19.18,-11.7,-9.63,-19.38,-18.97,2026-08-12T04:50:27
New Mexico,D1,4.5,8.87,2.22,2.03,10.03,7.39,2026-08-12T04:50:27
New Mexico State,D1,4.62,-10.34,1.8,2.29,-4.82,-14.48,2026-08-12T04:50:27
New Orleans,D1,-11.06,-20.45,0.15,3.38,-18.88,-21.7,2026-08-12T04:50:27
Niagara,D1,-24.91,-29.36,-3.64,-3.03,-27.52,-30.66,2026-08-12T04:50:27
Nicholls,D1,-3.34,-7.49,-6.63,-6.94,-5.68,-8.84,2026-08-12T04:50:27
Norfolk State,D1,11.79,-1.48,-3.05,1.03,0.47,-2.46,2026-08-12T04:50:27
North Alabama,D1,-8.48,-4.79,-3.31,-2.37,-3.03,-6.21,2026-08-12T04:50:27
North Carolina,D1,31.7,33.48,17.9,16.52,32.8,34.33,2026-08-12T04:50:27
North Carolina A&T,D1,3.25,-5.67,-0.01,1.85,-6.07,-5.4,2026-08-12T04:50:27
North Carolina Central,D1,-20.71,-13.99,-2.81,0.6,-10.25,-16.98,2026-08-12T04:50:27
North Dakota,D1,-3.4,-15.48,2.02,3.57,-14.33,-16.63,2026-08-12T04:50:27
North Dakota State,D1,5.75,17.17,-0.05,1.24,16.95,17.45,2026-08-12T04:50:27
North Florida,D1,-18.31,-10,-0.54,0.47,-8.63,-10.89,2026-08-12T04:50:27
North Texas,D1,10.15,11.53,6.37,6.32,13.24,9.17,2026-08-12T04:50:27
Northeastern,D1,-23.05,-10.6,-3.91,-3.99,-10.96,-10.26,2026-08-12T04:50:27
Northern Arizona,D1,10.56,-5.7,2.43,3.69,-7.05,-4.52,2026-08-12T04:50:27
Northern Colorado,D1,-1.47,3.12,0.02,0.24,5.01,1.57,2026-08-12T04:50:27
Northern Illinois,D1,-5.19,-10.87,0.53,0.52,-7.96,-13.1,2026-08-12T04:50:27
Northern Iowa,D1,12.78,6.52,2.99,5.06,8.75,4.79,2026-08-12T04:50:27
Northern Kentucky,D1,-5.02,0.54,1.33,3.74,-1.29,1.98,2026-08-12T04:50:27
Northwestern,D1,12.92,9.43,19.95,19.64,13.07,4.95,2026-08-12T04:50:27
Northwestern State,D1,-3.92,-3.8,-0.8,3.78,-2.78,-4.57,2026-08-12T04:50:27
Notre Dame,D1,43.36,32.27,20.33,17.78,33.52,30.88,2026-08-12T04:50:27
Oakland,D1,-11.33,-6.29,2.62,5.26,-7.76,-5.4,2026-08-12T04:50:27
Ohio,D1,-15.55,3.71,2.1,1.5,5.22,2.1,2026-08-12T04:50:27
Ohio State,D1,33.21,35.24,20.29,18.24,34.95,35.79,2026-08-12T04:50:27
Oklahoma,D1,36.9,38.33,21.07,18.9,42.14,32.88,2026-08-12T04:50:27
Oklahoma State,D1,28.5,29.15,15.08,13.91,34.63,22.1,2026-08-12T04:50:27
Old Dominion,D1,3.22,4.42,5.84,5.31,5.1,3.59,2026-08-12T04:50:27
Ole Miss,D1,34.65,32.34,19.29,17.56,35.44,28.47,2026-08-12T04:50:27
Omaha,D1,-6.11,-21.4,3.54,4.53,-17.77,-24.8,2026-08-12T04:50:27
Oral Roberts,D1,9.41,0.04,3.73,6.29,6.42,-4.64,2026-08-12T04:50:27
Oregon,D1,26.31,29.41,20.66,19.35,33.19,25.17,2026-08-12T04:50:27
Oregon State,D1,7.57,12.83,5.8,5.53,15.28,9.92,2026-08-12T04:50:27
Pacific,D1,1.7,0.83,6.38,6.26,3.12,-2.9,2026-08-12T04:50:27
Penn State,D1,16.25,13.42,21.21,21.75,13.83,12.91,2026-08-12T04:50:27
Pennsylvania,D1,2.54,6.99,4.07,3.91,7.27,6.77,2026-08-12T04:50:27
Pepperdine,D1,-7.37,5.8,2.74,2.91,11.6,-0.37,2026-08-12T04:50:27
Pittsburgh,D1,8.86,-4.31,10.55,10.89,-4.59,-3.91,2026-08-12T04:50:27
Portland,D1,12.52,6.81,5.54,5.3,8.57,5.16,2026-08-12T04:50:27
Portland State,D1,-11.81,-11.67,0.93,1.05,-8.73,-14.25,2026-08-12T04:50:27
Prairie View A&M,D1,-20.74,-29.3,-6.59,-2.73,-25.66,-31.03,2026-08-12T04:50:27
Presbyterian,D1,-23.04,-30.52,-6.35,-4.35,-26.87,-33.26,2026-08-12T04:50:27
Princeton,D1,16.22,20.33,8.69,10.56,20.59,20.03,2026-08-12T04:50:27
Providence,D1,7.5,6.87,10.78,7.87,7.14,6.45,2026-08-12T04:50:27
Purdue,D1,8.96,15.99,18.79,18.36,23.32,6.41,2026-08-12T04:50:27
Queens University,D1,-15.05,-16.45,-4.41,-4.19,-11.69,-20.01,2026-08-12T04:50:27
Quinnipiac,D1,6.41,9.09,-5.55,-4.68,7.45,10.73,2026-08-12T04:50:27
Radford,D1,-13.19,-2.12,-8.32,-7.17,1.15,-5.4,2026-08-12T04:50:27
Rhode Island,D1,7.62,17.52,5.77,5.27,22.01,12.42,2026-08-12T04:50:27
Rice,D1,8.7,15.03,5.2,4.07,16.32,13.3,2026-08-12T04:50:27
Richmond,D1,23.11,20.77,8.12,7.96,22.54,19,2026-08-12T04:50:27
Rider,D1,-16.64,-16.88,-7.92,-6.95,-11.83,-20.99,2026-08-12T04:50:27
Robert Morris,D1,-4.75,-1.81,-2.98,-3.68,2.44,-4.81,2026-08-12T04:50:27
Rutgers,D1,11.36,5.96,17.41,17.56,5.5,6.72,2026-08-12T04:50:27
Sacramento State,D1,-3.09,-1.01,0.89,0.65,3.34,-4.15,2026-08-12T04:50:27
Sacred Heart,D1,-10.76,-10.99,-3.22,-1.53,-6.6,-14.6,2026-08-12T04:50:27
Saint Joseph's,D1,15.78,11.3,5.37,4.38,11.67,10.93,2026-08-12T04:50:27
Saint Louis,D1,-1.11,-1.2,4.43,5.21,-3.45,1.7,2026-08-12T04:50:27
Saint Mary's,D1,-0.49,2.83,2.27,2.66,3.51,2.31,2026-08-12T04:50:27
Saint Peter's,D1,-11.6,-18.82,-5.4,-4.53,-17.93,-19.54,2026-08-12T04:50:27
Sam Houston,D1,-5.73,2.65,1.65,2.19,3.94,1.37,2026-08-12T04:50:27
Samford,D1,-8.77,-8.82,-0.79,1.69,-3.85,-11.08,2026-08-12T04:50:27
San Diego,D1,-6.13,-4.99,3.76,3.5,-0.23,-9.75,2026-08-12T04:50:27
San Diego State,D1,8.9,14.56,4.5,5.2,14.84,14.13,2026-08-12T04:50:27
San Francisco,D1,5.96,4.16,5.01,4.35,6.58,1.58,2026-08-12T04:50:27
San Jose State,D1,-7.91,-12.16,5.93,6.13,-11.76,-12.46,2026-08-12T04:50:27
Santa Clara,D1,-1.32,13.53,5.98,7.32,16.23,11.31,2026-08-12T04:50:27
Seattle,D1,-19.57,-16.65,2.78,2.32,-12.53,-19.74,2026-08-12T04:50:27
Seton Hall,D1,14.68,16.63,13.29,11.83,18.39,14.88,2026-08-12T04:50:27
Siena,D1,-6.71,-9.04,-9.37,-8.56,-9.19,-8.92,2026-08-12T04:50:27
SIU-Edwardsville,D1,-14.94,-4.71,-2.47,-2.74,-3.38,-5.8,2026-08-12T04:50:27
South Alabama,D1,-12.98,2.51,2.51,1.56,2.71,2.33,2026-08-12T04:50:27
South Carolina,D1,47.94,52.77,25,21.53,56.99,46.45,2026-08-12T04:50:27
South Carolina State,D1,-28.26,-27.64,-5.17,-4.16,-24.72,-29.83,2026-08-12T04:50:27
South Dakota,D1,-6.01,6.75,-0.49,-0.89,9.75,3.15,2026-08-12T04:50:27
South Dakota State,D1,20.18,20.63,6.27,9.81,25.75,14.87,2026-08-12T04:50:27
South Florida,D1,14.84,15.71,11.78,13,19.57,10.08,2026-08-12T04:50:27
Southeast Missouri State,D1,-16.43,-4.39,-0.49,0.46,-2.25,-5.81,2026-08-12T04:50:27
SE Louisiana,D1,7.2,-17.44,1.17,5.44,-13.93,-20.02,2026-08-12T04:50:27
Southern,D1,-1.26,-3.55,-2.12,3.61,-2.96,-3.86,2026-08-12T04:50:27
Southern Illinois,D1,-15.87,-7.97,-0.47,0.23,-4.85,-11.09,2026-08-12T04:50:27
Southern Indiana,D1,2.92,5.18,-0.72,0.56,11.32,-0.56,2026-08-12T04:50:27
SMU,D1,11.08,1.18,12.54,13.1,5.71,-3.64,2026-08-12T04:50:27
Southern Miss,D1,-6.63,1.41,4.03,4.53,2.89,-0.17,2026-08-12T04:50:27
Southern Utah,D1,-9.54,-0.28,0.03,-0.01,6.28,-4.91,2026-08-12T04:50:27
St. Bonaventure,D1,-15.22,-1.74,-0.49,-1.34,2.4,-4.96,2026-08-12T04:50:27
St. John's,D1,14.77,10.21,10.03,7.36,14.43,5.98,2026-08-12T04:50:27
St. Thomas-Minnesota,D1,-0.79,-1.27,0.73,0.6,-0.75,-1.99,2026-08-12T04:50:27
Stanford,D1,20.89,22.31,14.25,13.85,28.09,14.21,2026-08-12T04:50:27
Stephen F. Austin,D1,9.15,1.13,-4,-2.81,4,-1.23,2026-08-12T04:50:27
Stetson,D1,-8.74,-0.14,-1.4,-1.83,0.45,-0.59,2026-08-12T04:50:27
Stonehill,D1,-17.33,-17.86,-10.37,-7.32,-15.59,-19.66,2026-08-12T04:50:27
Stony Brook,D1,-7.3,-5.07,-2.81,-2.58,-0.19,-8.15,2026-08-12T04:50:27
Syracuse,D1,14.98,23.91,14.85,14.39,24.49,23.03,2026-08-12T04:50:27
Tarleton State,D1,1.63,-1.75,1.28,1.52,1.06,-4.04,2026-08-12T04:50:27
TCU,D1,36.49,35.55,15.66,14.13,38.3,29.58,2026-08-12T04:50:27
Temple,D1,10.61,7.19,8.16,8.05,11.19,2.65,2026-08-12T04:50:27
Tennessee,D1,37.35,31.33,24.53,24.15,36.76,26.59,2026-08-12T04:50:27
Tennessee State,D1,-11.26,-15.75,0.66,1.73,-8.12,-22.88,2026-08-12T04:50:27
Tennessee Tech,D1,4.18,-2.55,-2.18,-1.87,1.62,-7.04,2026-08-12T04:50:27
UT Martin,D1,-2.38,-5.53,-0.71,0.59,-2.12,-8.26,2026-08-12T04:50:27
Texas,D1,44.44,51.88,22.98,18.53,55.49,45.19,2026-08-12T04:50:27
Texas A&M,D1,16.01,4.8,16.55,16.55,3.38,9.06,2026-08-12T04:50:27
Texas A&M-CC,D1,12.2,21.19,24.28,24.04,20.92,21.59,2026-08-12T04:50:27
Texas Southern,D1,-10.3,-18.66,-5.73,-1.03,-16.25,-20.31,2026-08-12T04:50:27
Texas State,D1,-5.87,-4.14,3.15,3.04,0.62,-9.27,2026-08-12T04:50:27
Texas Tech,D1,16.65,27.22,15.57,15.2,29.07,24.23,2026-08-12T04:50:27
UT Arlington,D1,0.73,-3.79,2.46,3.78,0.65,-7.48,2026-08-12T04:50:27
UT Rio Grande Valley,D1,-5.33,-2.66,-0.34,2.86,-2.48,-2.79,2026-08-12T04:50:27
UTSA,D1,13.05,8.55,7.55,6.55,7.13,9.54,2026-08-12T04:50:27
Toledo,D1,6.83,4.14,2.62,2.13,6.5,2.19,2026-08-12T04:50:27
Towson,D1,-6.02,-3.39,-1.95,-1.39,-0.59,-6.18,2026-08-12T04:50:27
Troy,D1,8.29,14.14,4.52,5.13,18.23,10.54,2026-08-12T04:50:27
Tulane,D1,7.97,3.67,5.74,5.7,5.51,1.13,2026-08-12T04:50:27
Tulsa,D1,5.75,4.58,2.65,1.75,6.11,2.96,2026-08-12T04:50:27
UAB,D1,0.8,1.12,2.79,2.86,1.86,0.27,2026-08-12T04:50:27
UC Davis,D1,3.57,2.59,-0.5,0.11,4.89,1.09,2026-08-12T04:50:27
UC Irvine,D1,2.2,10.83,-2.02,-1.95,12.35,9.41,2026-08-12T04:50:27
UC Riverside,D1,-4.53,-3.06,1.4,2.87,-5.22,-1.62,2026-08-12T04:50:27
UC San Diego,D1,0.12,6.49,0.24,1.22,7.72,5.26,2026-08-12T04:50:27
UC Santa Barbara,D1,-3.1,4.53,-0.74,0.32,4.19,4.85,2026-08-12T04:50:27
UCF,D1,9.47,7.44,11.22,9.37,8.64,5.79,2026-08-12T04:50:27
UCLA,D1,40.65,53.44,26,23.61,55.98,47.21,2026-08-12T04:50:27
UConn,D1,49.07,54.98,18.54,20.99,56.99,50.46,2026-08-12T04:50:27
Umass Lowell,D1,-18.63,-19.33,-3.44,-4.97,-15.44,-21.62,2026-08-12T04:50:27
UMBC,D1,-10.79,-0.73,-0.8,-0.75,-0.85,-0.63,2026-08-12T04:50:27
Kansas City,D1,-7.41,-7.14,3.68,4.45,-10.88,-4.14,2026-08-12T04:50:27
UNC Asheville,D1,-23.96,-15.52,-9.96,-9.69,-18.63,-12.63,2026-08-12T04:50:27
UNC Greensboro,D1,2.61,-7.54,-6.68,-6.49,-4.94,-9.06,2026-08-12T04:50:27
UNC Wilmington,D1,-9.25,-14.75,-3.98,-4.23,-13.09,-15.85,2026-08-12T04:50:27
UNLV,D1,18.62,12.3,6.46,7.2,16.54,7.49,2026-08-12T04:50:27
USC,D1,42.08,30.76,25.26,23.18,33.96,27.12,2026-08-12T04:50:27
South Carolina Upstate,D1,-23.28,-17.66,-6.8,-4.21,-20.31,-15.79,2026-08-12T04:50:27
Utah,D1,29.64,18.5,16,15.7,18.64,18.33,2026-08-12T04:50:27
Utah State,D1,-9.38,-7.33,4.36,5.02,-3.85,-10.16,2026-08-12T04:50:27
Utah Tech,D1,-14.73,-5.36,-0.72,-2.09,-2.65,-8.98,2026-08-12T04:50:27
Utah Valley,D1,-0.87,-0.2,0.77,1.2,6.14,-6.11,2026-08-12T04:50:27
UTEP,D1,-5.98,-7.46,0.43,0.78,-3.95,-11.24,2026-08-12T04:50:27
Valparaiso,D1,-2.53,-24.9,1.03,1.08,-22.81,-26.33,2026-08-12T04:50:27
Vanderbilt,D1,32.49,37.92,18.8,17.86,41.38,29.63,2026-08-12T04:50:27
VCU,D1,3.88,-2.94,7.67,7.43,0.81,-6.03,2026-08-12T04:50:27
Vermont,D1,7.89,8.93,-1.51,-1.1,9.36,8.55,2026-08-12T04:50:27
Villanova,D1,15.78,25.14,15.14,13.72,25.4,24.81,2026-08-12T04:50:27
Virginia,D1,16.64,25.27,15.33,14.83,25.14,25.49,2026-08-12T04:50:27
Virginia Tech,D1,21.05,24.15,13.22,12.03,22.15,27.25,2026-08-12T04:50:27
Wagner,D1,-25.44,-16.59,-10.12,-6.44,-14.63,-18.27,2026-08-12T04:50:27
Wake Forest,D1,11.67,8.44,9.6,8.51,6.29,12.03,2026-08-12T04:50:27
Washington,D1,24.12,29.78,20.42,18.67,29.9,29.62,2026-08-12T04:50:27
Washington State,D1,7.7,-0.62,9.03,11.4,3.61,-4.85,2026-08-12T04:50:27
Weber State,D1,-4.48,-4.82,2.78,4.24,-0.74,-7.95,2026-08-12T04:50:27
West Georgia,D1,-10.03,-4.34,-4.93,-4.48,0.17,-8.55,2026-08-12T04:50:27
West Virginia,D1,35.81,35,17.09,16.01,38.79,27.75,2026-08-12T04:50:27
Western Carolina,D1,-8.27,-18.88,-2.27,-0.88,-20.47,-17.53,2026-08-12T04:50:27
Western Illinois,D1,-3.24,9.01,-1.86,-1.17,13.78,3.89,2026-08-12T04:50:27
Western Kentucky,D1,8.53,-7.83,1.67,1.82,-4.25,-10.94,2026-08-12T04:50:27
Western Michigan,D1,-5.73,-6.3,2.91,3.78,-3.96,-8.33,2026-08-12T04:50:27
Wichita State,D1,1.17,-4.35,2.23,2.2,-3.17,-5.78,2026-08-12T04:50:27
William & Mary,D1,-7.97,-3.38,-3.05,-3.03,-4.58,-2.47,2026-08-12T04:50:27
Winthrop,D1,-15.62,-11.72,-5.55,-2.75,-10.74,-12.31,2026-08-12T04:50:27
Wisconsin,D1,11.96,15.41,19.56,18.79,16.19,14.29,2026-08-12T04:50:27
Wofford,D1,-0.99,-4,-7.5,-7.3,-2.63,-4.89,2026-08-12T04:50:27
Wright State,D1,-10.89,-9.09,-2.12,-2.44,-11.09,-7.72,2026-08-12T04:50:27
Wyoming,D1,12.22,-2.32,5.44,5.07,4.63,-8.8,2026-08-12T04:50:27
Xavier,D1,-2.15,2.65,11.55,8.74,3.87,1.15,2026-08-12T04:50:27
Yale,D1,-14.15,-7.52,2.14,0.59,-6.76,-8.14,2026-08-12T04:50:27
Youngstown State,D1,-10.15,3.5,-1.79,-1.55,5.63,1.49,2026-08-12T04:50:27
